record_type,area_code,sec,subsection_code,airport_icao,icao_code,sub,vor_ident,navaid_icao_code,vor_frequency,navaid_class,vor_latitude,vor_longitude,dme_ident,dme_latitude,dme_longitude,station_declination,dme_elevation,figure_of_merit,ils_dme_bias,frequency_protection,datum_code,vor_name,sim_cont_appl_code,sim_cont_appl_label,sim_cont_sim_facility_characteristics,sim_cont_sim_magnetic_variation,sim_cont_sim_facility_elevation,sim_cont_sim_file_record_number,sim_cont_sim_cycle_date,primary_1_123,sim_cont_1_123,changed_field_count,changed_fields
S,EEU,D,,,,,AND,UE,11380,VDHW,N62472800,E136511300,,N62472800,E136511300,W0160,00984,2,,503,WGE,TEPLYY KLYUCH,S,Simulation application continuation,UN,W0162,00984,71549,2501,SEEUD        AND   UE111380VDHW N62472800E136511300    N62472800E136511300W0160009842  503WGETEPLYY KLYUCH                 ,SEEUD        AND   UE2S    UN                                             W016200984                                       ,3,"sim_cont_sim_magnetic_variation,sim_cont_sim_file_record_number,sim_cont_1_123"
S,EEU,D,,,,,BCU,LR,10940,VDU,N46303930,E026493200,,N46303930,E026493200,E0070,01800,3,,418,WGE,BACAU,S,Simulation application continuation,UN,E0068,,71599,2509,SEEUD        BCU   LR110940VDU  N46303930E026493200    N46303930E026493200E0070018003  418WGEBACAU                         ,SEEUD        BCU   LR2S    UN                                             E0068                                            ,9,"navaid_class,station_declination,figure_of_merit,sim_cont_sim_facility_characteristics,sim_cont_sim_facility_elevation,sim_cont_sim_file_record_number,sim_cont_sim_cycle_date,primary_1_123,sim_cont_1_123"
S,EEU,D,,,,,BHY,ZG,11710,VDHW,N21351200,E109255400,,N21351200,E109255400,W0020,00115,2,,525,WGE,NANKANG,S,Simulation application continuation,UN,W0023,00115,71613,1913,SEEUD        BHY   ZG111710VDHW N21351200E109255400    N21351200E109255400W0020001152  525WGENANKANG                       ,SEEUD        BHY   ZG2S    UN                                             W002300115                                       ,3,"frequency_protection,sim_cont_sim_file_record_number,primary_1_123"
S,EEU,D,,,,,BJZ,ZB,10820,VDHW,N40031800,E113293600,,N40031800,E113293600,W0060,03467,2,,,WGE,BEIJIAZAO,S,Simulation application continuation,UN,W0067,03467,71619,2411,SEEUD        BJZ   ZB110820VDHW N40031800E113293600    N40031800E113293600W0060034672     WGEBEIJIAZAO                     ,SEEUD        BJZ   ZB2S    UN                                             W006703467                                       ,3,"sim_cont_sim_magnetic_variation,sim_cont_sim_file_record_number,sim_cont_1_123"
S,EEU,D,,,,,BLZ,UL,11040,VDHW,N60010200,E037451900,,N60010200,E037451900,E0130,00459,2,,411,WGE,BELOZERSK,S,Simulation application continuation,UN,E0144,00459,71635,2112,SEEUD        BLZ   UL111040VDHW N60010200E037451900    N60010200E037451900E0130004592  411WGEBELOZERSK                     ,SEEUD        BLZ   UL2S    UN                                             E014400459                                       ,3,"sim_cont_sim_magnetic_variation,sim_cont_sim_file_record_number,sim_cont_1_123"
S,EEU,D,,,,,BRT,UM,11375,VDH,N52063370,E023531570,,N52063370,E023531570,E0070,00500,2,,493,WGE,BREST,S,Simulation application continuation,UU,E0076,00500,71649,1912,SEEUD        BRT   UM111375VDH  N52063370E023531570    N52063370E023531570E0070005002  493WGEBREST                         ,SEEUD        BRT   UM2S    UU                                             E007600500                                       ,3,"sim_cont_sim_magnetic_variation,sim_cont_sim_file_record_number,sim_cont_1_123"
S,EEU,D,,,,,BTG,UE,11350,VDHW,N67384500,E134414700,,N67384500,E134414700,W0180,00689,2,,,WGE,BATAGAY,S,Simulation application continuation,UN,W0180,00689,71659,2410,SEEUD        BTG   UE111350VDHW N67384500E134414700    N67384500E134414700W0180006892     WGEBATAGAY                       ,SEEUD        BTG   UE2S    UN                                             W018000689                                       ,3,"sim_cont_sim_magnetic_variation,sim_cont_sim_file_record_number,sim_cont_1_123"
S,EEU,D,,,,,BUG,LH,11340,VDH,N46404000,E019405400,,N46404000,E019405400,E0050,00407,2,,338,WGE,BUGAC,S,Simulation application continuation,UN,E0057,00407,71667,2106,SEEUD        BUG   LH111340VDH  N46404000E019405400    N46404000E019405400E0050004072  338WGEBUGAC                         ,SEEUD        BUG   LH2S    UN                                             E005700407                                       ,3,"sim_cont_sim_magnetic_variation,sim_cont_sim_file_record_number,sim_cont_1_123"
S,EEU,D,,,,,CGT,ZS,11250,VDLW,N31123600,E121113600,,N31123600,E121113600,W0060,00079,1,,362,WGE,CHONGGU,S,Simulation application continuation,UN,W0065,00079,71689,1904,SEEUD        CGT   ZS111250VDLW N31123600E121113600    N31123600E121113600W0060000791  362WGECHONGGU                       ,SEEUD        CGT   ZS2S    UN                                             W006500079                                       ,3,"sim_cont_sim_magnetic_variation,sim_cont_sim_file_record_number,sim_cont_1_123"
S,EEU,D,,,,,CHF,ZY,11550,VDHW,N42112400,E118484200,,N42112400,E118484200,W0090,02454,2,,464,WGE,CHIFENG,S,Simulation application continuation,UN,W0088,02454,71691,2207,SEEUD        CHF   ZY111550VDHW N42112400E118484200    N42112400E118484200W0090024542  464WGECHIFENG                       ,SEEUD        CHF   ZY2S    UN                                             W008802454                                       ,3,"sim_cont_sim_magnetic_variation,sim_cont_sim_file_record_number,sim_cont_1_123"
S,EEU,D,,,,,CLJ,LR,11120,VDHW,N46480060,E023471410,,N46480060,E023471410,E0050,01600,2,,416,WGE,CLUJ NAPOCA,S,Simulation application continuation,UY,E0064,,71703,2507,SEEUD        CLJ   LR111120VDHW N46480060E023471410    N46480060E023471410E0050016002  416WGECLUJ NAPOCA                   ,SEEUD        CLJ   LR2S    UY                                             E0064                                            ,7,"vor_latitude,dme_latitude,sim_cont_sim_magnetic_variation,sim_cont_sim_file_record_number,sim_cont_sim_cycle_date,primary_1_123,sim_cont_1_123"
S,EEU,D,,,,,CMP,EP,11450,VDH,N52080000,E016430900,,N52080000,E016430900,E0050,00300,2,,527,WGE,CZEMPIN,S,Simulation application continuation,UU,E0059,00300,71705,2406,SEEUD        CMP   EP111450VDH  N52080000E016430900    N52080000E016430900E0050003002  527WGECZEMPIN                       ,SEEUD        CMP   EP2S    UU                                             E005900300                                       ,3,"sim_cont_sim_magnetic_variation,sim_cont_sim_file_record_number,sim_cont_1_123"
S,EEU,D,,,,,CND,LR,11270,VDH,N44170800,E028284200,,N44170800,E028284200,E0070,00300,2,,486,WGE,CONSTANTA,S,Simulation application continuation,UU,E0066,00300,71707,2309,SEEUD        CND   LR111270VDH  N44170800E028284200    N44170800E028284200E0070003002  486WGECONSTANTA                     ,SEEUD        CND   LR2S    UU                                             E006600300                                       ,3,"sim_cont_sim_magnetic_variation,sim_cont_sim_file_record_number,sim_cont_1_123"
S,EEU,D,,,,,CRV,LR,11020,VDH,N44190700,E023552190,,N44190700,E023552190,E0050,00600,2,,368,WGE,CRAIOVA,S,Simulation application continuation,UN,E0060,00600,71717,2404,SEEUD        CRV   LR111020VDH  N44190700E023552190    N44190700E023552190E0050006002  368WGECRAIOVA                       ,SEEUD        CRV   LR2S    UN                                             E006000600                                       ,3,"sim_cont_sim_magnetic_variation,sim_cont_sim_file_record_number,sim_cont_1_123"
S,EEU,D,,,,,DAR,EP,11420,VDHW,N54243700,E016231700,,N54243700,E016231700,E0040,00100,2,,386,WGE,DARLOWO,S,Simulation application continuation,UN,E0061,00100,71731,2406,SEEUD        DAR   EP111420VDHW N54243700E016231700    N54243700E016231700E0040001002  386WGEDARLOWO                       ,SEEUD        DAR   EP2S    UN                                             E006100100                                       ,3,"sim_cont_sim_magnetic_variation,sim_cont_sim_file_record_number,sim_cont_1_123"
S,EEU,D,,,,,DBL,ZY,11540,VDHW,N38574200,E121341200,,N38574200,E121341200,W0070,00194,2,,598,WGE,DALIAN,S,Simulation application continuation,UN,W0086,00194,71739,1708,SEEUD        DBL   ZY111540VDHW N38574200E121341200    N38574200E121341200W0070001942  598WGEDALIAN                        ,SEEUD        DBL   ZY2S    UN                                             W008600194                                       ,3,"sim_cont_sim_magnetic_variation,sim_cont_sim_file_record_number,sim_cont_1_123"
S,EEU,D,,,,,DEM,UE,11380,VDHW,N62322800,E114011500,,N62322800,E114011500,W0120,01378,2,,427,WGE,MIRNY,S,Simulation application continuation,UN,W0120,01378,71747,2201,SEEUD        DEM   UE111380VDHW N62322800E114011500    N62322800E114011500W0120013782  427WGEMIRNY                         ,SEEUD        DEM   UE2S    UN                                             W012001378                                       ,3,"sim_cont_sim_magnetic_variation,sim_cont_sim_file_record_number,sim_cont_1_123"
S,EEU,D,,,,,DGP,EV,11410,VDLW,N55565000,E026403200,,N55565000,E026403200,E0059,00400,1,,294,WGE,DAUGAVPILS,S,Simulation application continuation,UN,E0094,00400,71749,1103,SEEUD        DGP   EV111410VDLW N55565000E026403200    N55565000E026403200E0059004001  294WGEDAUGAVPILS                    ,SEEUD        DGP   EV2S    UN                                             E009400400                                       ,3,"sim_cont_sim_magnetic_variation,sim_cont_sim_file_record_number,sim_cont_1_123"
S,EEU,D,,,,,DHB,ZH,11445,VDHW,N30415400,E113581800,,N30415400,E113581800,W0050,00328,2,,441,WGE,HEBAOHU,S,Simulation application continuation,UN,W0048,00328,71751,2411,SEEUD        DHB   ZH111445VDHW N30415400E113581800    N30415400E113581800W0050003282  441WGEHEBAOHU                       ,SEEUD        DHB   ZH2S    UN                                             W004800328                                       ,3,"frequency_protection,sim_cont_sim_file_record_number,primary_1_123"
S,EEU,D,,,,,DMD,UU,11330,VDHW,N55231790,E037544160,,N55231790,E037544090,E0120,00600,2,,381,WGE,DOMODEDOVO (MOSCOW),S,Simulation application continuation,UY,E0119,00600,71777,2508,SEEUD        DMD   UU111330VDHW N55231790E037544160    N55231790E037544090E0120006002  381WGEDOMODEDOVO (MOSCOW)           ,SEEUD        DMD   UU2S    UY                                             E011900600                                       ,6,"station_declination,sim_cont_sim_magnetic_variation,sim_cont_sim_file_record_number,sim_cont_sim_cycle_date,primary_1_123,sim_cont_1_123"
S,EEU,D,,,,,DPX,ZS,11240,VDHW,N34164200,E117595400,,N34164200,E117595400,W0060,00098,2,,460,WGE,PIXIAN,S,Simulation application continuation,UN,W0066,,71785,2312,SEEUD        DPX   ZS111240VDHW N34164200E117595400    N34164200E117595400W0060000982  460WGEPIXIAN                        ,SEEUD        DPX   ZS2S    UN                                             W0066                                            ,3,"sim_cont_sim_magnetic_variation,sim_cont_sim_file_record_number,sim_cont_1_123"
S,EEU,D,,,,,DRD,ZU,11710,VDHW,N28355400,E086545400,,N28355400,E086545400,E0000,14111,2,,,WGE,DONGDINGRI,S,Simulation application continuation,UN,E0004,14111,71787,2413,SEEUD        DRD   ZU111710VDHW N28355400E086545400    N28355400E086545400E0000141112     WGEDONGDINGRI                    ,SEEUD        DRD   ZU2S    UN                                             E000414111                                       ,3,"sim_cont_sim_magnetic_variation,sim_cont_sim_file_record_number,sim_cont_1_123"
S,EEU,D,,,,,DST,ZS,10920,VDHW,N27450000,E120374800,,N27450000,E120374800,W0060,00128,2,,234,WGE,DONGSHAN,S,Simulation application continuation,UY,W0055,00128,71799,2507,SEEUD        DST   ZS110920VDHW N27450000E120374800    N27450000E120374800W0060001282  234WGEDONGSHAN                      ,SEEUD        DST   ZS2S    UY                                             W005500128                                       ,4,"station_declination,sim_cont_sim_file_record_number,sim_cont_sim_cycle_date,primary_1_123"
S,EEU,D,,,,,DYN,ZS,11400,VDHW,N37314200,E118471200,,N37314200,E118471200,W0070,00046,2,,514,WGE,DONGYING,S,Simulation application continuation,UN,W0076,00046,71819,1913,SEEUD        DYN   ZS111400VDHW N37314200E118471200    N37314200E118471200W0070000462  514WGEDONGYING                      ,SEEUD        DYN   ZS2S    UN                                             W007600046                                       ,3,"sim_cont_sim_magnetic_variation,sim_cont_sim_file_record_number,sim_cont_1_123"
S,EEU,D,,,,,EKB,US,11320,VDHW,N56443550,E060474930,,N56443550,E060474930,E0150,00800,2,,,WGE,KOLTSOVO (YEKATERINBURG),S,Simulation application continuation,UN,E0154,00800,71829,2013,SEEUD        EKB   US111320VDHW N56443550E060474930    N56443550E060474930E0150008002     WGEKOLTSOVO (YEKATERINBURG)      ,SEEUD        EKB   US2S    UN                                             E015400800                                       ,3,"sim_cont_sim_magnetic_variation,sim_cont_sim_file_record_number,sim_cont_1_123"
S,EEU,D,,,,,FLR,LR,11220,VDHW,N44300310,E025422940,,N44300310,E025422940,E0050,00400,2,,394,WGE,FLORESTI,S,Simulation application continuation,UN,E0063,00400,71843,2507,SEEUD        FLR   LR111220VDHW N44300310E025422940    N44300310E025422940E0050004002  394WGEFLORESTI                      ,SEEUD        FLR   LR2S    UN                                             E006300400                                       ,9,"vor_latitude,vor_longitude,dme_latitude,dme_longitude,sim_cont_sim_magnetic_variation,sim_cont_sim_file_record_number,sim_cont_sim_cycle_date,primary_1_123,sim_cont_1_123"
S,EEU,D,,,,,FQG,ZS,11740,VDHW,N25442400,E119230600,,N25442400,E119230600,W0030,00500,2,,584,WGE,FUQING,S,Simulation application continuation,UN,W0049,,71849,1705,SEEUD        FQG   ZS111740VDHW N25442400E119230600    N25442400E119230600W0030005002  584WGEFUQING                        ,SEEUD        FQG   ZS2S    UN                                             W0049                                            ,3,"sim_cont_sim_magnetic_variation,sim_cont_sim_file_record_number,sim_cont_1_123"
S,EEU,D,,,,,GRD,UM,11575,VDH,N53362750,E024032140,,N53362750,E024032140,E0080,00600,2,,544,WGE,HRODNA,S,Simulation application continuation,UN,E0080,,71893,2110,SEEUD        GRD   UM111575VDH  N53362750E024032140    N53362750E024032140E0080006002  544WGEHRODNA                        ,SEEUD        GRD   UM2S    UN                                             E0080                                            ,3,"sim_cont_sim_magnetic_variation,sim_cont_sim_file_record_number,sim_cont_1_123"
S,EEU,D,,,,,GZD,EP,11610,VDH,N54231610,E018253100,,N54231610,E018253100,E0070,00500,2,,403,WGE,GDANSK,S,Simulation application continuation,UN,E0067,00500,71911,2510,SEEUD        GZD   EP111610VDH  N54231610E018253100    N54231610E018253100E0070005002  403WGEGDANSK                        ,SEEUD        GZD   EP2S    UN                                             E006700500                                       ,6,"station_declination,sim_cont_sim_magnetic_variation,sim_cont_sim_file_record_number,sim_cont_sim_cycle_date,primary_1_123,sim_cont_1_123"
S,EEU,D,,,,,HOT,ZB,11430,VDHW,N43545400,E115580000,,N43545400,E115580000,W0090,03350,2,,596,WGE,XILINHOT,S,Simulation application continuation,UY,W0084,03350,71957,2502,SEEUD        HOT   ZB111430VDHW N43545400E115580000    N43545400E115580000W0090033502  596WGEXILINHOT                      ,SEEUD        HOT   ZB2S    UY                                             W008403350                                       ,3,"sim_cont_sim_magnetic_variation,sim_cont_sim_file_record_number,sim_cont_1_123"
S,EEU,D,,,,,HTG,UN,11310,VDHW,N71581040,E102293350,,N71581040,E102293350,E0050,00098,2,,,WGE,KHATANGA,S,Simulation application continuation,UN,E0019,00098,71965,1707,SEEUD        HTG   UN111310VDHW N71581040E102293350    N71581040E102293350E0050000982     WGEKHATANGA                      ,SEEUD        HTG   UN2S    UN                                             E001900098                                       ,3,"sim_cont_sim_magnetic_variation,sim_cont_sim_file_record_number,sim_cont_1_123"
S,EEU,D,,,,,IVF,UK,11420,VDHW,N48530300,E024412900,,N48530300,E024412900,E0060,00937,2,,453,WGE,IVANO-FRANKIVSK,S,Simulation application continuation,UN,E0070,00937,72005,1812,SEEUD        IVF   UK111420VDHW N48530300E024412900    N48530300E024412900E0060009372  453WGEIVANO-FRANKIVSK               ,SEEUD        IVF   UK2S    UN                                             E007000937                                       ,3,"sim_cont_sim_magnetic_variation,sim_cont_sim_file_record_number,sim_cont_1_123"
S,EEU,D,,,,,JAN,LZ,11080,VDHW,N48104320,E017324080,,N48104320,E017324080,E0050,00420,2,,351,WGE,JANOVCE,S,Simulation application continuation,UN,E0055,00420,72009,2310,SEEUD        JAN   LZ111080VDHW N48104320E017324080    N48104320E017324080E0050004202  351WGEJANOVCE                       ,SEEUD        JAN   LZ2S    UN                                             E005500420                                       ,3,"sim_cont_sim_magnetic_variation,sim_cont_sim_file_record_number,sim_cont_1_123"
S,EEU,D,,,,,JBL,UT,11350,VDHW,N39392366,E054125021,,N39392366,E054125021,E0060,00002,2,,443,WGE,BALKANABAT,S,Simulation application continuation,UN,E0061,00002,72011,2504,SEEUD        JBL   UT111350VDHW N39392366E054125021    N39392366E054125021E0060000022  443WGEBALKANABAT                    ,SEEUD        JBL   UT2S    UN                                             E006100002                                       ,6,"dme_elevation,sim_cont_sim_facility_elevation,sim_cont_sim_file_record_number,sim_cont_sim_cycle_date,primary_1_123,sim_cont_1_123"
S,EEU,D,,,,,JDG,ZS,11445,VDHW,N36224200,E120040000,,N36224200,E120040000,W0070,00043,2,,457,WGE,JIAODONG,S,Simulation application continuation,UY,W0076,00043,72017,2108,SEEUD        JDG   ZS111445VDHW N36224200E120040000    N36224200E120040000W0070000432  457WGEJIAODONG                      ,SEEUD        JDG   ZS2S    UY                                             W007600043                                       ,3,"sim_cont_sim_magnetic_variation,sim_cont_sim_file_record_number,sim_cont_1_123"
S,EEU,D,,,,,KAX,EP,11480,VDH,N50283970,E019050640,,N50283970,E019050640,E0060,01000,2,,336,WGE,KATOWICE,S,Simulation application continuation,UN,E0062,01000,72059,2406,SEEUD        KAX   EP111480VDH  N50283970E019050640    N50283970E019050640E0060010002  336WGEKATOWICE                      ,SEEUD        KAX   EP2S    UN                                             E006201000                                       ,3,"sim_cont_sim_magnetic_variation,sim_cont_sim_file_record_number,sim_cont_1_123"
S,EEU,D,,,,,KLG,UU,11400,VDLW,N54330830,E036221180,,N54330830,E036221180,E0110,00700,1,,424,WGE,KALUGA,S,Simulation application continuation,UN,E0111,00700,72087,2504,SEEUD        KLG   UU111400VDLW N54330830E036221180    N54330830E036221180E0110007001  424WGEKALUGA                        ,SEEUD        KLG   UU2S    UN                                             E011100700                                       ,4,"station_declination,sim_cont_sim_file_record_number,sim_cont_sim_cycle_date,primary_1_123"
S,EEU,D,,,,,KLP,EY,11500,VDH,N55425600,E021143700,,N55425600,E021143700,E0060,00100,2,,466,WGE,KLAIPEDA,S,Simulation application continuation,UU,E0078,00100,72093,2108,SEEUD        KLP   EY111500VDH  N55425600E021143700    N55425600E021143700E0060001002  466WGEKLAIPEDA                      ,SEEUD        KLP   EY2S    UU                                             E007800100                                       ,3,"sim_cont_sim_magnetic_variation,sim_cont_sim_file_record_number,sim_cont_1_123"
S,EEU,D,,,,,KLP,UN,11250,VDHW,N58210900,E082552900,,N58210900,E082552900,E0100,00295,2,,500,WGE,KOLPASHEVO,S,Simulation application continuation,UY,E0102,00295,72095,2301,SEEUD        KLP   UN111250VDHW N58210900E082552900    N58210900E082552900E0100002952  500WGEKOLPASHEVO                    ,SEEUD        KLP   UN2S    UY                                             E010200295                                       ,3,"sim_cont_sim_magnetic_variation,sim_cont_sim_file_record_number,sim_cont_1_123"
S,EEU,D,,,,,KRD,UM,11705,VDHW,N54533580,E020355860,,N54533580,E020355860,E0070,00098,2,,166,WGE,KHRABROVO,S,Simulation application continuation,UN,E0074,00098,72113,2404,SEEUD        KRD   UM111705VDHW N54533580E020355860    N54533580E020355860E0070000982  166WGEKHRABROVO                     ,SEEUD        KRD   UM2S    UN                                             E007400098                                       ,3,"sim_cont_sim_magnetic_variation,sim_cont_sim_file_record_number,sim_cont_1_123"
S,EEU,D,,,,,KSC,LZ,10820,VDU,N48405910,E021145340,,N48405910,E021145340,E0060,00787,2,,336,WGE,KOSICE,S,Simulation application continuation,UN,E0063,00787,72131,2310,SEEUD        KSC   LZ110820VDU  N48405910E021145340    N48405910E021145340E0060007872  336WGEKOSICE                        ,SEEUD        KSC   LZ2S    UN                                             E006300787                                       ,3,"sim_cont_sim_magnetic_variation,sim_cont_sim_file_record_number,sim_cont_1_123"
S,EEU,D,,,,,KTL,UL,11780,VDHW,N61141800,E046424800,,N61141800,E046424800,E0170,00197,2,,,WGE,KOTLAS,S,Simulation application continuation,UN,E0175,00197,72141,1904,SEEUD        KTL   UL111780VDHW N61141800E046424800    N61141800E046424800E0170001972     WGEKOTLAS                        ,SEEUD        KTL   UL2S    UN                                             E017500197                                       ,3,"sim_cont_sim_magnetic_variation,sim_cont_sim_file_record_number,sim_cont_1_123"
S,EEU,D,,,,,KUS,ZU,11370,VDHW,N31585400,E080073600,,N31585400,E080073600,E0010,14364,2,,546,WGE,ALI,S,Simulation application continuation,UN,E0017,14364,72159,2413,SEEUD        KUS   ZU111370VDHW N31585400E080073600    N31585400E080073600E0010143642  546WGEALI                           ,SEEUD        KUS   ZU2S    UN                                             E001714364                                       ,3,"sim_cont_sim_magnetic_variation,sim_cont_sim_file_record_number,sim_cont_1_123"
S,EEU,D,,,,,KZN,UW,11270,VDUW,N55362010,E049162060,,N55362010,E049162060,E0140,00400,2,,,WGE,KAZAN,S,Simulation application continuation,UN,E0140,00400,72175,2307,SEEUD        KZN   UW111270VDUW N55362010E049162060    N55362010E049162060E0140004002     WGEKAZAN                         ,SEEUD        KZN   UW2S    UN                                             E014000400                                       ,3,"sim_cont_sim_magnetic_variation,sim_cont_sim_file_record_number,sim_cont_1_123"
S,EEU,D,,,,,KZO,UA,11270,VDHW,N44414490,E065334930,,N44414490,E065334930,E0070,00500,2,,263,WGE,KYZYLORDA,S,Simulation application continuation,UN,E0075,00500,72177,2208,SEEUD        KZO   UA111270VDHW N44414490E065334930    N44414490E065334930E0070005002  263WGEKYZYLORDA                     ,SEEUD        KZO   UA2S    UN                                             E007500500                                       ,3,"frequency_protection,sim_cont_sim_file_record_number,primary_1_123"
S,EEU,D,,,,,LBN,EV,11290,VDL,N56462400,E026210800,,N56462400,E026210800,E0100,00300,1,,553,WGE,TRAKSHI,S,Simulation application continuation,UN,E0095,,72191,2505,SEEUD        LBN   EV111290VDL  N56462400E026210800    N56462400E026210800E0100003001  553WGETRAKSHI                       ,SEEUD        LBN   EV2S    UN                                             E0095                                            ,7,"navaid_class,station_declination,sim_cont_sim_facility_elevation,sim_cont_sim_file_record_number,sim_cont_sim_cycle_date,primary_1_123,sim_cont_1_123"
S,EEU,D,,,,,LEP,EV,11695,VDH,N56304600,E021050510,,N56304600,E021050510,E0090,00100,2,,475,WGE,LIEPAJA,S,Simulation application continuation,UU,E0079,,72203,2311,SEEUD        LEP   EV111695VDH  N56304600E021050510    N56304600E021050510E0090001002  475WGELIEPAJA                       ,SEEUD        LEP   EV2S    UU                                             E0079                                            ,3,"sim_cont_sim_magnetic_variation,sim_cont_sim_file_record_number,sim_cont_1_123"
S,EEU,D,,,,,LHT,ZB,11250,VDHW,N43244800,E112073600,,N43244800,E112073600,W0070,03327,2,,581,WGE,ERENHOT,S,Simulation application continuation,UY,W0069,03327,72207,2507,SEEUD        LHT   ZB111250VDHW N43244800E112073600    N43244800E112073600W0070033272  581WGEERENHOT                       ,SEEUD        LHT   ZB2S    UY                                             W006903327                                       ,4,"station_declination,sim_cont_sim_file_record_number,sim_cont_sim_cycle_date,primary_1_123"
S,EEU,D,,,,,LIV,UK,11550,VDHW,N49484300,E023570500,,N49484300,E023570500,E0060,01094,2,,593,WGE,LVIV,S,Simulation application continuation,UN,E0070,01094,72215,1812,SEEUD        LIV   UK111550VDHW N49484300E023570500    N49484300E023570500E0060010942  593WGELVIV                          ,SEEUD        LIV   UK2S    UN                                             E007001094                                       ,3,"frequency_protection,sim_cont_sim_file_record_number,primary_1_123"
S,EEU,D,,,,,LJB,ZY,11590,VDHW,N43462400,E125510600,,N43462400,E125510600,W0110,00653,2,,540,WGE,WANCHANG,S,Simulation application continuation,UN,W0106,00653,72219,2507,SEEUD        LJB   ZY111590VDHW N43462400E125510600    N43462400E125510600W0110006532  540WGEWANCHANG                      ,SEEUD        LJB   ZY2S    UN                                             W010600653                                       ,4,"station_declination,sim_cont_sim_file_record_number,sim_cont_sim_cycle_date,primary_1_123"
S,EEU,D,,,,,LKN,UL,11695,VDHW,N64533200,E045433500,,N64533200,E045433500,E0190,00197,2,,,WGE,LESHUKONSKOYE,S,Simulation application continuation,UN,E0201,00197,72223,1904,SEEUD        LKN   UL111695VDHW N64533200E045433500    N64533200E045433500E0190001972     WGELESHUKONSKOYE                 ,SEEUD        LKN   UL2S    UN                                             E020100197                                       ,3,"sim_cont_sim_magnetic_variation,sim_cont_sim_file_record_number,sim_cont_1_123"
S,EEU,D,,,,,LLR,EV,10860,VTH,N56453230,E024505760,,N56453230,E024505760,E0080,00200,2,,410,WGE,LIELVARDE,S,Simulation application continuation,UN,E0091,,72229,2303,SEEUD        LLR   EV110860VTH  N56453230E024505760    N56453230E024505760E0080002002  410WGELIELVARDE                     ,SEEUD        LLR   EV2S    UN                                             E0091                                            ,3,"sim_cont_sim_magnetic_variation,sim_cont_sim_file_record_number,sim_cont_1_123"
S,EEU,D,,,,,LMN,ZG,11630,VDHW,N23385400,E114193600,,N23385400,E114193600,W0030,00128,2,,368,WGE,LONGMEN,S,Simulation application continuation,UN,W0036,00128,72233,2501,SEEUD        LMN   ZG111630VDHW N23385400E114193600    N23385400E114193600W0030001282  368WGELONGMEN                       ,SEEUD        LMN   ZG2S    UN                                             W003600128                                       ,3,"sim_cont_sim_magnetic_variation,sim_cont_sim_file_record_number,sim_cont_1_123"
S,EEU,D,,,,,LNY,ZS,11280,VDHW,N35030000,E118244800,,N35030000,E118244800,W0060,00243,2,,404,WGE,LINYI,S,Simulation application continuation,UN,W0069,00243,72237,2311,SEEUD        LNY   ZS111280VDHW N35030000E118244800    N35030000E118244800W0060002432  404WGELINYI                         ,SEEUD        LNY   ZS2S    UN                                             W006900243                                       ,3,"sim_cont_sim_magnetic_variation,sim_cont_sim_file_record_number,sim_cont_1_123"
S,EEU,D,,,,,LON,ZG,11220,VDHW,N22212400,E106520600,,N22212400,E106520600,W0020,00001,2,,316,WGE,LONGZHOU,S,Simulation application continuation,UN,W0020,,72239,1406,SEEUD        LON   ZG111220VDHW N22212400E106520600    N22212400E106520600W0020000012  316WGELONGZHOU                      ,SEEUD        LON   ZG2S    UN                                             W0020                                            ,3,"sim_cont_sim_magnetic_variation,sim_cont_sim_file_record_number,sim_cont_1_123"
S,EEU,D,,,,,LOZ,EP,11240,VDL,N51463390,E019372930,,N51463390,E019372930,E0060,00800,1,,400,WGE,WIACZYN DOLNY,S,Simulation application continuation,UU,E0065,00800,72241,2406,SEEUD        LOZ   EP111240VDL  N51463390E019372930    N51463390E019372930E0060008001  400WGEWIACZYN DOLNY                 ,SEEUD        LOZ   EP2S    UU                                             E006500800                                       ,3,"sim_cont_sim_magnetic_variation,sim_cont_sim_file_record_number,sim_cont_1_123"
S,EEU,D,,,,,MGL,UM,11675,VDH,N53571010,E030054410,,N53571010,E030054410,E0090,00700,2,,491,WGE,MAHILIOU,S,Simulation application continuation,UN,E0095,,72275,2104,SEEUD        MGL   UM111675VDH  N53571010E030054410    N53571010E030054410E0090007002  491WGEMAHILIOU                      ,SEEUD        MGL   UM2S    UN                                             E0095                                            ,3,"sim_cont_sim_magnetic_variation,sim_cont_sim_file_record_number,sim_cont_1_123"
S,EEU,D,,,,,MKL,UR,11320,VDLW,N42474000,E047400420,,N42474000,E047400420,E0070,00001,1,,513,WGE,MAKHACHKALA,S,Simulation application continuation,UN,E0074,00001,72285,2510,SEEUD        MKL   UR111320VDLW N42474000E047400420    N42474000E047400420E0070000011  513WGEMAKHACHKALA                   ,SEEUD        MKL   UR2S    UN                                             E007400001                                       ,10,"navaid_class,vor_latitude,vor_longitude,dme_latitude,dme_longitude,figure_of_merit,frequency_protection,sim_cont_sim_file_record_number,sim_cont_sim_cycle_date,primary_1_123"
S,EEU,D,,,,,MLJ,ZS,11705,VDHW,N31504200,E118511800,,N31504200,E118511800,W0060,00062,2,,576,WGE,MOLING,S,Simulation application continuation,UN,W0062,00062,72293,2210,SEEUD        MLJ   ZS111705VDHW N31504200E118511800    N31504200E118511800W0060000622  576WGEMOLING                        ,SEEUD        MLJ   ZS2S    UN                                             W006200062                                       ,3,"frequency_protection,sim_cont_sim_file_record_number,primary_1_123"
S,EEU,D,,,,,MNS,UC,11340,VDHW,N43040092,E074311527,,N43040092,E074311527,E0060,02090,2,,400,WGE,MANAS,S,Simulation application continuation,UN,E0056,02090,72303,2409,SEEUD        MNS   UC111340VDHW N43040092E074311527    N43040092E074311527E0060020902  400WGEMANAS                         ,SEEUD        MNS   UC2S    UN                                             E005602090                                       ,3,"sim_cont_sim_magnetic_variation,sim_cont_sim_file_record_number,sim_cont_1_123"
S,EEU,D,,,,,MOL,EP,11660,VDH,N52270860,E020404000,,N52270860,E020404000,E0050,00400,2,,329,WGE,MODLIN,S,Simulation application continuation,UU,E0069,00400,72315,2406,SEEUD        MOL   EP111660VDH  N52270860E020404000    N52270860E020404000E0050004002  329WGEMODLIN                        ,SEEUD        MOL   EP2S    UU                                             E006900400                                       ,3,"sim_cont_sim_magnetic_variation,sim_cont_sim_file_record_number,sim_cont_1_123"
S,EEU,D,,,,,MOR,UR,11340,VDHW,N48203000,E041480100,,N48203000,E041480100,E0080,00220,2,,429,WGE,MOROZOVSK,S,Simulation application continuation,UN,E0093,00220,72317,1112,SEEUD        MOR   UR111340VDHW N48203000E041480100    N48203000E041480100E0080002202  429WGEMOROZOVSK                     ,SEEUD        MOR   UR2S    UN                                             E009300220                                       ,3,"sim_cont_sim_magnetic_variation,sim_cont_sim_file_record_number,sim_cont_1_123"
S,EEU,D,,,,,MOU,ZH,11495,VDLW,N30364200,E114591800,,N30364200,E114591800,W0050,00367,1,,,WGE,HUILONGSHAN,S,Simulation application continuation,UN,W0051,00367,72319,2308,SEEUD        MOU   ZH111495VDLW N30364200E114591800    N30364200E114591800W0050003671     WGEHUILONGSHAN                   ,SEEUD        MOU   ZH2S    UN                                             W005100367                                       ,3,"sim_cont_sim_magnetic_variation,sim_cont_sim_file_record_number,sim_cont_1_123"
S,EEU,D,,,,,MRA,EP,11730,VDHW,N53470600,E021075800,,N53470600,E021075800,E0050,00600,2,,382,WGE,MRAGOWO,S,Simulation application continuation,UN,E0073,00600,72325,2406,SEEUD        MRA   EP111730VDHW N53470600E021075800    N53470600E021075800E0050006002  382WGEMRAGOWO                       ,SEEUD        MRA   EP2S    UN                                             E007300600                                       ,3,"sim_cont_sim_magnetic_variation,sim_cont_sim_file_record_number,sim_cont_1_123"
S,EEU,D,,,,,NGB,ZS,11630,VDHW,N29494405,E121274447,,N29494405,E121274447,W0060,00028,2,,302,WGE,NINGBO,S,Simulation application continuation,UN,W0062,00028,72357,2111,SEEUD        NGB   ZS111630VDHW N29494405E121274447    N29494405E121274447W0060000282  302WGENINGBO                        ,SEEUD        NGB   ZS2S    UN                                             W006200028                                       ,3,"sim_cont_sim_magnetic_variation,sim_cont_sim_file_record_number,sim_cont_1_123"
S,EEU,D,,,,,NRM,UL,11230,VDHW,N67381700,E053063930,,N67381700,E053063930,E0240,00100,2,,,WGE,NARYAN-MAR,S,Simulation application continuation,UN,E0246,00100,72387,2101,SEEUD        NRM   UL111230VDHW N67381700E053063930    N67381700E053063930E0240001002     WGENARYAN-MAR                    ,SEEUD        NRM   UL2S    UN                                             E024600100                                       ,3,"sim_cont_sim_magnetic_variation,sim_cont_sim_file_record_number,sim_cont_1_123"
S,EEU,D,,,,,NTG,ZS,11560,VDHW,N32055385,E120584567,,N32055385,E120584567,W0050,00062,2,,509,WGE,NANTONG,S,Simulation application continuation,UN,W0067,00062,72395,1708,SEEUD        NTG   ZS111560VDHW N32055385E120584567    N32055385E120584567W0050000622  509WGENANTONG                       ,SEEUD        NTG   ZS2S    UN                                             W006700062                                       ,3,"sim_cont_sim_magnetic_variation,sim_cont_sim_file_record_number,sim_cont_1_123"
S,EEU,D,,,,,NWK,US,11230,VDHW,N60563820,E076280100,,N60563820,E076280100,E0160,00200,2,,470,WGE,NIZHNEVARTOVSK,S,Simulation application continuation,UN,E0156,00200,72401,2504,SEEUD        NWK   US111230VDHW N60563820E076280100    N60563820E076280100E0160002002  470WGENIZHNEVARTOVSK                ,SEEUD        NWK   US2S    UN                                             E015600200                                       ,8,"vor_latitude,dme_latitude,dme_elevation,sim_cont_sim_facility_elevation,sim_cont_sim_file_record_number,sim_cont_sim_cycle_date,primary_1_123,sim_cont_1_123"
S,EEU,D,,,,,OKC,EP,11345,VDH,N52101110,E020573620,,N52101110,E020573620,E0060,00400,2,,539,WGE,OKECIE (WARSAW),S,Simulation application continuation,UN,E0069,00400,72421,2406,SEEUD        OKC   EP111345VDH  N52101110E020573620    N52101110E020573620E0060004002  539WGEOKECIE (WARSAW)               ,SEEUD        OKC   EP2S    UN                                             E006900400                                       ,3,"sim_cont_sim_magnetic_variation,sim_cont_sim_file_record_number,sim_cont_1_123"
S,EEU,D,,,,,OKF,LK,11315,VDHW,N48580903,E015324408,,N48580903,E015324408,E0050,01600,2,,,WGE,DESNA,S,Simulation application continuation,UN,E0052,,72423,2112,SEEUD        OKF   LK111315VDHW N48580903E015324408    N48580903E015324408E0050016002     WGEDESNA                         ,SEEUD        OKF   LK2S    UN                                             E0052                                            ,3,"sim_cont_sim_magnetic_variation,sim_cont_sim_file_record_number,sim_cont_1_123"
S,EEU,D,,,,,OKG,LK,11570,VDHW,N50035453,E012242066,,N50035453,E012242066,E0040,01600,2,,305,WGE,CHEB,S,Simulation application continuation,UN,E0046,,72425,2112,SEEUD        OKG   LK111570VDHW N50035453E012242066    N50035453E012242066E0040016002  305WGECHEB                          ,SEEUD        OKG   LK2S    UN                                             E0046                                            ,5,"frequency_protection,sim_cont_sim_magnetic_variation,sim_cont_sim_file_record_number,primary_1_123,sim_cont_1_123"
S,EEU,D,,,,,OKX,LK,11485,VDHW,N50540965,E015015484,,N50540965,E015015484,E0050,01300,2,,228,WGE,FRYDLANT,S,Simulation application continuation,UN,E0053,,72429,2112,SEEUD        OKX   LK111485VDHW N50540965E015015484    N50540965E015015484E0050013002  228WGEFRYDLANT                      ,SEEUD        OKX   LK2S    UN                                             E0053                                            ,3,"sim_cont_sim_magnetic_variation,sim_cont_sim_file_record_number,sim_cont_1_123"
S,EEU,D,,,,,OMS,UN,11390,VDHW,N54573210,E073174160,,N54573210,E073174160,E0120,00330,2,,405,WGE,TSENTRALNY (OMSK),S,Simulation application continuation,UN,E0120,00330,72435,2506,SEEUD        OMS   UN111390VDHW N54573210E073174160    N54573210E073174160E0120003302  405WGETSENTRALNY (OMSK)             ,SEEUD        OMS   UN2S    UN                                             E012000330                                       ,10,"vor_latitude,vor_longitude,dme_latitude,dme_longitude,dme_elevation,sim_cont_sim_facility_elevation,sim_cont_sim_file_record_number,sim_cont_sim_cycle_date,primary_1_123,sim_cont_1_123"
S,EEU,D,,,,,OPT,LR,11710,VDHW,N44353260,E026333660,,N44353260,E026333660,E0050,00300,2,,361,WGE,ROSIORI,S,Simulation application continuation,UN,E0064,00300,72441,2507,SEEUD        OPT   LR111710VDHW N44353260E026333660    N44353260E026333660E0050003002  361WGEROSIORI                       ,SEEUD        OPT   LR2S    UN                                             E006400300                                       ,7,"vor_latitude,vor_longitude,dme_latitude,dme_longitude,sim_cont_sim_file_record_number,sim_cont_sim_cycle_date,primary_1_123"
S,EEU,D,,,,,ORN,UW,11360,VDHW,N51475130,E055271230,,N51475130,E055271230,E0110,00400,2,,383,WGE,ORENBURG,S,Simulation application continuation,UN,E0120,00400,72443,2013,SEEUD        ORN   UW111360VDHW N51475130E055271230    N51475130E055271230E0110004002  383WGEORENBURG                      ,SEEUD        ORN   UW2S    UN                                             E012000400                                       ,3,"sim_cont_sim_magnetic_variation,sim_cont_sim_file_record_number,sim_cont_1_123"
S,EEU,D,,,,,ORS,UM,11040,VDH,N54271460,E030202060,,N54271460,E030202060,E0100,00700,2,,411,WGE,ORSHA,S,Simulation application continuation,UN,E0098,00700,72445,2012,SEEUD        ORS   UM111040VDH  N54271460E030202060    N54271460E030202060E0100007002  411WGEORSHA                         ,SEEUD        ORS   UM2S    UN                                             E009800700                                       ,3,"sim_cont_sim_magnetic_variation,sim_cont_sim_file_record_number,sim_cont_1_123"
S,EEU,D,,,,,PCT,LH,11475,VTU,N47225340,E017292670,,N47225340,E017292670,E0050,00525,0,,386,WGE,PAPA,S,Simulation application continuation,UN,E0054,,72461,2106,SEEUD        PCT   LH111475VTU  N47225340E017292670    N47225340E017292670E0050005250  386WGEPAPA                          ,SEEUD        PCT   LH2S    UN                                             E0054                                            ,3,"sim_cont_sim_magnetic_variation,sim_cont_sim_file_record_number,sim_cont_1_123"
S,EEU,D,,,,,PDV,LB,11490,VDH,N42031230,E024523470,,N42031230,E024523470,E0060,00600,2,,381,WGE,PLOVDIV,S,Simulation application continuation,UU,E0058,00600,72465,2505,SEEUD        PDV   LB111490VDH  N42031230E024523470    N42031230E024523470E0060006002  381WGEPLOVDIV                       ,SEEUD        PDV   LB2S    UU                                             E005800600                                       ,6,"station_declination,sim_cont_sim_magnetic_variation,sim_cont_sim_file_record_number,sim_cont_sim_cycle_date,primary_1_123,sim_cont_1_123"
S,EEU,D,,,,,PKK,UH,11370,VDHW,N53114110,E158260590,,N53114110,E158260590,W0070,00098,2,,,WGE,YELIZOVO,S,Simulation application continuation,UN,W0075,00098,72473,2302,SEEUD        PKK   UH111370VDHW N53114110E158260590    N53114110E158260590W0070000982     WGEYELIZOVO                      ,SEEUD        PKK   UH2S    UN                                             W007500098                                       ,3,"sim_cont_sim_magnetic_variation,sim_cont_sim_file_record_number,sim_cont_1_123"
S,EEU,D,,,,,PPD,LZ,11210,VDH,N49035280,E020210040,,N49035280,E020210040,E0060,02382,2,,427,WGE,TATRY,S,Simulation application continuation,UN,E0062,02382,72495,2310,SEEUD        PPD   LZ111210VDH  N49035280E020210040    N49035280E020210040E0060023822  427WGETATRY                         ,SEEUD        PPD   LZ2S    UN                                             E006202382                                       ,3,"sim_cont_sim_magnetic_variation,sim_cont_sim_file_record_number,sim_cont_1_123"
S,EEU,D,,,,,PTB,LH,11710,VDH,N47090800,E018443200,,N47090800,E018443200,E0050,00430,2,,349,WGE,PUSZTASZABOLCS,S,Simulation application continuation,UN,E0056,00430,72509,2106,SEEUD        PTB   LH111710VDH  N47090800E018443200    N47090800E018443200E0050004302  349WGEPUSZTASZABOLCS                ,SEEUD        PTB   LH2S    UN                                             E005600430                                       ,3,"sim_cont_sim_magnetic_variation,sim_cont_sim_file_record_number,sim_cont_1_123"
S,EEU,D,,,,,PTG,UN,11340,VDHW,N61355590,E090004800,,N61355550,E090004800,E0080,00200,2,,,WGE,PODKAMENNAYA TUNGUSKA,S,Simulation application continuation,UN,E0074,00200,72511,2413,SEEUD        PTG   UN111340VDHW N61355590E090004800    N61355550E090004800E0080002002     WGEPODKAMENNAYA TUNGUSKA         ,SEEUD        PTG   UN2S    UN                                             E007400200                                       ,3,"sim_cont_sim_magnetic_variation,sim_cont_sim_file_record_number,sim_cont_1_123"
S,EEU,D,,,,,PTZ,UL,10925,VDHW,N61531550,E034093970,,N61531550,E034093970,E0140,00200,2,,,WGE,PETROZAVODSK,S,Simulation application continuation,UN,E0143,00200,72517,2504,SEEUD        PTZ   UL110925VDHW N61531550E034093970    N61531550E034093970E0140002002     WGEPETROZAVODSK                  ,SEEUD        PTZ   UL2S    UN                                             E014300200                                       ,6,"station_declination,sim_cont_sim_magnetic_variation,sim_cont_sim_file_record_number,sim_cont_sim_cycle_date,primary_1_123,sim_cont_1_123"
S,EEU,D,,,,,PUD,ZS,11690,VDHW,N31101800,E121470000,,N31101800,E121470000,W0060,00049,2,,441,WGE,PUDONG,S,Simulation application continuation,UN,W0066,00049,72519,2105,SEEUD        PUD   ZS111690VDHW N31101800E121470000    N31101800E121470000W0060000492  441WGEPUDONG                        ,SEEUD        PUD   ZS2S    UN                                             W006600049                                       ,3,"sim_cont_sim_magnetic_variation,sim_cont_sim_file_record_number,sim_cont_1_123"
S,EEU,D,,,,,PWK,UH,11000,VDHW,N69480870,E170353060,,N69480870,E170353060,W0040,00001,2,,521,WGE,PEVEK,S,Simulation application continuation,UN,W0057,00001,72523,2106,SEEUD        PWK   UH111000VDHW N69480870E170353060    N69480870E170353060W0040000012  521WGEPEVEK                         ,SEEUD        PWK   UH2S    UN                                             W005700001                                       ,3,"sim_cont_sim_magnetic_variation,sim_cont_sim_file_record_number,sim_cont_1_123"
S,EEU,D,,,,,RDO,EP,11385,VDH,N51235990,E021155660,,N51235990,E021155660,E0070,00600,2,,378,WGE,RADOM (WARSAW),S,Simulation application continuation,UN,E0068,00600,72537,2505,SEEUD        RDO   EP111385VDH  N51235990E021155660    N51235990E021155660E0070006002  378WGERADOM (WARSAW)                ,SEEUD        RDO   EP2S    UN                                             E006800600                                       ,4,"sim_cont_sim_magnetic_variation,sim_cont_sim_file_record_number,sim_cont_sim_cycle_date,sim_cont_1_123"
S,EEU,D,,,,,RG,UW,11230,VDH,N54322220,E055531300,,N54322220,E055531300,E0130,00492,2,,442,WGE,UFA,S,Simulation application continuation,UU,E0138,00492,72539,1806,SEEUD        RG    UW111230VDH  N54322220E055531300    N54322220E055531300E0130004922  442WGEUFA                           ,SEEUD        RG    UW2S    UU                                             E013800492                                       ,3,"sim_cont_sim_magnetic_variation,sim_cont_sim_file_record_number,sim_cont_1_123"
S,EEU,D,,,,,RIA,EV,11400,VDHW,N56551510,E023575470,,N56551510,E023575470,E0100,00100,2,,442,WGE,RIGA,S,Simulation application continuation,UN,E0089,00100,72541,2205,SEEUD        RIA   EV111400VDHW N56551510E023575470    N56551510E023575470E0100001002  442WGERIGA                          ,SEEUD        RIA   EV2S    UN                                             E008900100                                       ,3,"sim_cont_sim_magnetic_variation,sim_cont_sim_file_record_number,sim_cont_1_123"
S,EEU,D,,,,,RKN,UE,11580,VDHW,N68443600,E161203600,,N68443600,E161203600,W0100,00098,2,,,WGE,CHERSKY,S,Simulation application continuation,UN,W0099,00098,72547,2409,SEEUD        RKN   UE111580VDHW N68443600E161203600    N68443600E161203600W0100000982     WGECHERSKY                       ,SEEUD        RKN   UE2S    UN                                             W009900098                                       ,3,"sim_cont_sim_magnetic_variation,sim_cont_sim_file_record_number,sim_cont_1_123"
S,EEU,D,,,,,RKZ,ZU,11350,VDHW,N29211800,E089161800,,N29211800,E089161800,E0000,12484,2,,578,WGE,RIKAZE,S,Simulation application continuation,UN,E0002,12484,72549,1913,SEEUD        RKZ   ZU111350VDHW N29211800E089161800    N29211800E089161800E0000124842  578WGERIKAZE                        ,SEEUD        RKZ   ZU2S    UN                                             E000212484                                       ,3,"sim_cont_sim_magnetic_variation,sim_cont_sim_file_record_number,sim_cont_1_123"
S,EEU,D,,,,,RUD,EP,11510,VDHW,N52495000,E023422600,,N52495000,E023422600,E0060,00600,2,,343,WGE,SKUPOWO,S,Simulation application continuation,UN,E0077,00600,72567,2406,SEEUD        RUD   EP111510VDHW N52495000E023422600    N52495000E023422600E0060006002  343WGESKUPOWO                       ,SEEUD        RUD   EP2S    UN                                             E007700600                                       ,3,"sim_cont_sim_magnetic_variation,sim_cont_sim_file_record_number,sim_cont_1_123"
S,EEU,D,,,,,SAO,UU,11630,VDHW,N55043100,E033182800,,N55043100,E033182800,E0100,00886,2,,340,WGE,SAFONOVO,S,Simulation application continuation,UN,E0107,00886,72583,2201,SEEUD        SAO   UU111630VDHW N55043100E033182800    N55043100E033182800E0100008862  340WGESAFONOVO                      ,SEEUD        SAO   UU2S    UN                                             E010700886                                       ,3,"sim_cont_sim_magnetic_variation,sim_cont_sim_file_record_number,sim_cont_1_123"
S,EEU,D,,,,,SCE,EP,11475,VDH,N53354350,E014525340,,N53354350,E014525340,E0050,00100,2,,386,WGE,SZCZECIN,S,Simulation application continuation,UN,E0056,00100,72593,2410,SEEUD        SCE   EP111475VDH  N53354350E014525340    N53354350E014525340E0050001002  386WGESZCZECIN                      ,SEEUD        SCE   EP2S    UN                                             E005600100                                       ,3,"sim_cont_sim_magnetic_variation,sim_cont_sim_file_record_number,sim_cont_1_123"
S,EEU,D,,,,,SCV,LR,11230,VDHW,N47402040,E026213900,,N47402040,E026213900,E0070,01300,2,,539,WGE,SUCEAVA,S,Simulation application continuation,UN,E0070,01300,72595,2306,SEEUD        SCV   LR111230VDHW N47402040E026213900    N47402040E026213900E0070013002  539WGESUCEAVA                       ,SEEUD        SCV   LR2S    UN                                             E007001300                                       ,3,"sim_cont_sim_magnetic_variation,sim_cont_sim_file_record_number,sim_cont_1_123"
S,EEU,D,,,,,SER,ZM,11690,VDHW,N47384110,E106490870,,N47384110,E106490870,W0050,04528,2,,469,WGE,SERGELEN,S,Simulation application continuation,UN,W0055,04528,72603,2106,SEEUD        SER   ZM111690VDHW N47384110E106490870    N47384110E106490870W0050045282  469WGESERGELEN                      ,SEEUD        SER   ZM2S    UN                                             W005504528                                       ,3,"sim_cont_sim_magnetic_variation,sim_cont_sim_file_record_number,sim_cont_1_123"
S,EEU,D,,,,,SEY,ZY,11410,VDHW,N41383000,E123284200,,N41383000,E123284200,W0080,00194,2,,421,WGE,SHENYANG,S,Simulation application continuation,UN,W0097,00194,72605,1708,SEEUD        SEY   ZY111410VDHW N41383000E123284200    N41383000E123284200W0080001942  421WGESHENYANG                      ,SEEUD        SEY   ZY2S    UN                                             W009700194                                       ,3,"sim_cont_sim_magnetic_variation,sim_cont_sim_file_record_number,sim_cont_1_123"
S,EEU,D,,,,,SH,US,11330,VDUW,N66351710,E066362850,,N66351710,E066362850,E0230,00200,2,,,WGE,SALEKHARD,S,Simulation application continuation,UN,E0245,00200,72609,2013,SEEUD        SH    US111330VDUW N66351710E066362850    N66351710E066362850E0230002002     WGESALEKHARD                     ,SEEUD        SH    US2S    UN                                             E024500200                                       ,3,"sim_cont_sim_magnetic_variation,sim_cont_sim_file_record_number,sim_cont_1_123"
S,EEU,D,,,,,SHK,ZG,11590,VDHW,N22294800,E113541200,,N22294800,E113541200,W0020,01112,2,,412,WGE,SHEKOU,S,Simulation application continuation,UN,W0033,01112,72615,2509,SEEUD        SHK   ZG111590VDHW N22294800E113541200    N22294800E113541200W0020011122  412WGESHEKOU                        ,SEEUD        SHK   ZG2S    UN                                             W003301112                                       ,6,"dme_elevation,sim_cont_sim_facility_elevation,sim_cont_sim_file_record_number,sim_cont_sim_cycle_date,primary_1_123,sim_cont_1_123"
S,EEU,D,,,,,SIE,EP,11470,VDHW,N52091900,E022120300,,N52091900,E022120300,E0050,00600,2,,413,WGE,SIEDLCE,S,Simulation application continuation,UN,E0072,00600,72625,2406,SEEUD        SIE   EP111470VDHW N52091900E022120300    N52091900E022120300E0050006002  413WGESIEDLCE                       ,SEEUD        SIE   EP2S    UN                                             E007200600                                       ,3,"sim_cont_sim_magnetic_variation,sim_cont_sim_file_record_number,sim_cont_1_123"
S,EEU,D,,,,,SLV,UK,11330,VDHW,N50111250,E029341250,,N50111250,E029341250,E0070,00671,2,,325,WGE,SOLOVIIVKA,S,Simulation application continuation,UN,E0082,,72651,1512,SEEUD        SLV   UK111330VDHW N50111250E029341250    N50111250E029341250E0070006712  325WGESOLOVIIVKA                    ,SEEUD        SLV   UK2S    UN                                             E0082                                            ,3,"sim_cont_sim_magnetic_variation,sim_cont_sim_file_record_number,sim_cont_1_123"
S,EEU,D,,,,,SMK,UA,11300,VDHW,N42222040,E069263060,,N42222040,E069263060,E0060,01400,2,,487,WGE,SHYMKENT,S,Simulation application continuation,UN,E0061,01400,72655,1912,SEEUD        SMK   UA111300VDHW N42222040E069263060    N42222040E069263060E0060014002  487WGESHYMKENT                      ,SEEUD        SMK   UA2S    UN                                             E006101400                                       ,3,"sim_cont_sim_magnetic_variation,sim_cont_sim_file_record_number,sim_cont_1_123"
S,EEU,D,,,,,SOF,LB,11260,VDH,N42415320,E023232180,,N42415320,E023232180,E0050,01800,2,,329,WGE,SOFIA,S,Simulation application continuation,UU,E0057,,72667,2301,SEEUD        SOF   LB111260VDH  N42415320E023232180    N42415320E023232180E0050018002  329WGESOFIA                         ,SEEUD        SOF   LB2S    UU                                             E0057                                            ,3,"sim_cont_sim_magnetic_variation,sim_cont_sim_file_record_number,sim_cont_1_123"
S,EEU,D,,,,,SPB,UL,11340,VDHW,N59482480,E030162870,,N59482510,E030162900,E0110,00100,2,,386,WGE,ST PETERSBURG,S,Simulation application continuation,UN,E0120,00100,72671,2304,SEEUD        SPB   UL111340VDHW N59482480E030162870    N59482510E030162900E0110001002  386WGEST PETERSBURG                 ,SEEUD        SPB   UL2S    UN                                             E012000100                                       ,3,"sim_cont_sim_magnetic_variation,sim_cont_sim_file_record_number,sim_cont_1_123"
S,EEU,D,,,,,SQH,ZU,11450,VDHW,N32273000,E080033600,,N32273000,E080033600,E0010,14085,2,,600,WGE,SHIQUANHE,S,Simulation application continuation,UY,E0018,14085,72673,2413,SEEUD        SQH   ZU111450VDHW N32273000E080033600    N32273000E080033600E0010140852  600WGESHIQUANHE                     ,SEEUD        SQH   ZU2S    UY                                             E001814085                                       ,3,"sim_cont_sim_magnetic_variation,sim_cont_sim_file_record_number,sim_cont_1_123"
S,EEU,D,,,,,STJ,LR,11320,VDHW,N44550680,E025583730,,N44550680,E025583730,E0050,00600,2,,321,WGE,STREJNIC,S,Simulation application continuation,UN,E0064,00600,72683,2507,SEEUD        STJ   LR111320VDHW N44550680E025583730    N44550680E025583730E0050006002  321WGESTREJNIC                      ,SEEUD        STJ   LR2S    UN                                             E006400600                                       ,9,"vor_latitude,vor_longitude,dme_latitude,dme_longitude,sim_cont_sim_magnetic_variation,sim_cont_sim_file_record_number,sim_cont_sim_cycle_date,primary_1_123,sim_cont_1_123"
S,EEU,D,,,,,STW,UR,11490,VDHW,N45062890,E042070070,,N45062890,E042070070,E0080,01500,2,,267,WGE,SHPAKOVSKOYE,S,Simulation application continuation,UN,E0081,01500,72691,2103,SEEUD        STW   UR111490VDHW N45062890E042070070    N45062890E042070070E0080015002  267WGESHPAKOVSKOYE                  ,SEEUD        STW   UR2S    UN                                             E008101500                                       ,3,"sim_cont_sim_magnetic_variation,sim_cont_sim_file_record_number,sim_cont_1_123"
S,EEU,D,,,,,SUW,EP,11770,VDHW,N54041100,E022540100,,N54041100,E022540100,E0060,00600,2,,409,WGE,SUWALKI,S,Simulation application continuation,UN,E0078,00600,72695,2406,SEEUD        SUW   EP111770VDHW N54041100E022540100    N54041100E022540100E0060006002  409WGESUWALKI                       ,SEEUD        SUW   EP2S    UN                                             E007800600                                       ,3,"sim_cont_sim_magnetic_variation,sim_cont_sim_file_record_number,sim_cont_1_123"
S,EEU,D,,,,,SWA,ZG,11260,VDHW,N23262400,E116460000,,N23262400,E116460000,W0040,00033,2,,,WGE,SHANTOU,S,Simulation application continuation,UN,W0039,,72701,2507,SEEUD        SWA   ZG111260VDHW N23262400E116460000    N23262400E116460000W0040000332     WGESHANTOU                       ,SEEUD        SWA   ZG2S    UN                                             W0039                                            ,4,"station_declination,sim_cont_sim_file_record_number,sim_cont_sim_cycle_date,primary_1_123"
S,EEU,D,,,,,SWI,EP,11220,VDH,N51141020,E022410770,,N51141020,E022410770,E0060,00700,2,,297,WGE,SWIDNIK,S,Simulation application continuation,UN,E0071,00700,72703,2406,SEEUD        SWI   EP111220VDH  N51141020E022410770    N51141020E022410770E0060007002  297WGESWIDNIK                       ,SEEUD        SWI   EP2S    UN                                             E007100700                                       ,3,"sim_cont_sim_magnetic_variation,sim_cont_sim_file_record_number,sim_cont_1_123"
S,EEU,D,,,,,SYN,EP,11105,VDH,N53362570,E021003320,,N53362570,E021003320,E0060,00600,2,,,WGE,SZYMANY,S,Simulation application continuation,UU,E0072,00600,72709,2406,SEEUD        SYN   EP111105VDH  N53362570E021003320    N53362570E021003320E0060006002     WGESZYMANY                       ,SEEUD        SYN   EP2S    UU                                             E007200600                                       ,3,"sim_cont_sim_magnetic_variation,sim_cont_sim_file_record_number,sim_cont_1_123"
S,EEU,D,,,,,TAN,ZG,11250,VDUW,N23400600,E113143000,,N23400600,E113143000,W0030,00604,2,,394,WGE,YUANTAN,S,Simulation application continuation,UN,W0034,00604,72721,2501,SEEUD        TAN   ZG111250VDUW N23400600E113143000    N23400600E113143000W0030006042  394WGEYUANTAN                       ,SEEUD        TAN   ZG2S    UN                                             W003400604                                       ,3,"sim_cont_sim_magnetic_variation,sim_cont_sim_file_record_number,sim_cont_1_123"
S,EEU,D,,,,,TGO,ZY,11630,VDHW,N43333600,E122114800,,N43333600,E122114800,W0100,00630,2,,,WGE,TONGLIAO,S,Simulation application continuation,UN,W0100,00630,72753,2005,SEEUD        TGO   ZY111630VDHW N43333600E122114800    N43333600E122114800W0100006302     WGETONGLIAO                      ,SEEUD        TGO   ZY2S    UN                                             W010000630                                       ,3,"sim_cont_sim_magnetic_variation,sim_cont_sim_file_record_number,sim_cont_1_123"
S,EEU,D,,,,,TJK,ZB,11340,VDHW,N39092400,E117311200,,N39092400,E117311200,W0070,00013,2,,596,WGE,DONGLIHU,S,Simulation application continuation,UN,W0076,00013,72765,2205,SEEUD        TJK   ZB111340VDHW N39092400E117311200    N39092400E117311200W0070000132  596WGEDONGLIHU                      ,SEEUD        TJK   ZB2S    UN                                             W007600013                                       ,3,"frequency_protection,sim_cont_sim_file_record_number,primary_1_123"
S,EEU,D,,,,,TKT,UT,11320,VDHW,N41151610,E069151300,,N41151610,E069151300,E0060,01400,2,,,WGE,TASHKENT,S,Simulation application continuation,UY,E0056,01400,72771,2508,SEEUD        TKT   UT111320VDHW N41151610E069151300    N41151610E069151300E0060014002     WGETASHKENT                      ,SEEUD        TKT   UT2S    UY                                             E005601400                                       ,7,"station_declination,dme_elevation,sim_cont_sim_facility_elevation,sim_cont_sim_file_record_number,sim_cont_sim_cycle_date,primary_1_123,sim_cont_1_123"
S,EEU,D,,,,,TLA,LR,11480,VDH,N45044330,E028423420,,N45044330,E028423420,E0060,00300,2,,238,WGE,TULCEA,S,Simulation application continuation,UN,E0068,00300,72773,1913,SEEUD        TLA   LR111480VDH  N45044330E028423420    N45044330E028423420E0060003002  238WGETULCEA                        ,SEEUD        TLA   LR2S    UN                                             E006800300                                       ,3,"sim_cont_sim_magnetic_variation,sim_cont_sim_file_record_number,sim_cont_1_123"
S,EEU,D,,,,,TPS,LH,11590,VDH,N47293570,E019264640,,N47293580,E019264580,E0050,00833,2,,346,WGE,TAPIOSAP,S,Simulation application continuation,UN,E0058,00833,72795,2101,SEEUD        TPS   LH111590VDH  N47293570E019264640    N47293580E019264580E0050008332  346WGETAPIOSAP                      ,SEEUD        TPS   LH2S    UN                                             E005800833                                       ,3,"sim_cont_sim_magnetic_variation,sim_cont_sim_file_record_number,sim_cont_1_123"
S,EEU,D,,,,,TRK,UA,11460,VDH,N43193230,E068344610,,N43193230,E068344610,E0060,01000,2,,416,WGE,TURKISTAN,S,Simulation application continuation,UN,E0066,01000,72799,2010,SEEUD        TRK   UA111460VDH  N43193230E068344610    N43193230E068344610E0060010002  416WGETURKISTAN                     ,SEEUD        TRK   UA2S    UN                                             E006601000                                       ,3,"frequency_protection,sim_cont_sim_file_record_number,primary_1_123"
S,EEU,D,,,,,TRN,UI,11290,VDLW,N59511610,E111024380,,N59511610,E111024380,W0100,01378,1,,394,WGE,TALAKAN,S,Simulation application continuation,UN,W0098,01378,72803,2310,SEEUD        TRN   UI111290VDLW N59511610E111024380    N59511610E111024380W0100013781  394WGETALAKAN                       ,SEEUD        TRN   UI2S    UN                                             W009801378                                       ,3,"sim_cont_sim_magnetic_variation,sim_cont_sim_file_record_number,sim_cont_1_123"
S,EEU,D,,,,,TUK,EV,11230,VDHW,N56555010,E023142390,,N56555010,E023142390,E0100,00200,2,,567,WGE,SMARDE,S,Simulation application continuation,UN,E0087,00200,72815,2311,SEEUD        TUK   EV111230VDHW N56555010E023142390    N56555010E023142390E0100002002  567WGESMARDE                        ,SEEUD        TUK   EV2S    UN                                             E008700200                                       ,5,"frequency_protection,sim_cont_sim_magnetic_variation,sim_cont_sim_file_record_number,primary_1_123,sim_cont_1_123"
S,EEU,D,,,,,UDA,ZM,11600,VDHW,N47520400,E106440100,,N47520400,E106440100,W0050,04232,2,,,WGE,ULAANBAATAR,S,Simulation application continuation,UN,W0055,04232,72831,2106,SEEUD        UDA   ZM111600VDHW N47520400E106440100    N47520400E106440100W0050042322     WGEULAANBAATAR                   ,SEEUD        UDA   ZM2S    UN                                             W005504232                                       ,3,"sim_cont_sim_magnetic_variation,sim_cont_sim_file_record_number,sim_cont_1_123"
S,EEU,D,,,,,UHR,UH,11420,VDHW,N57083300,E156455900,,N57083300,E156455900,W0090,00001,2,,,WGE,UST-KHARYUZOVO,S,Simulation application continuation,UN,W0090,00001,72833,2308,SEEUD        UHR   UH111420VDHW N57083300E156455900    N57083300E156455900W0090000012     WGEUST-KHARYUZOVO                ,SEEUD        UHR   UH2S    UN                                             W009000001                                       ,3,"sim_cont_sim_magnetic_variation,sim_cont_sim_file_record_number,sim_cont_1_123"
S,EEU,D,,,,,UHT,UL,11380,VDHW,N63333730,E053473650,,N63333730,E053473650,E0210,00500,2,,452,WGE,UKHTA,S,Simulation application continuation,UN,E0208,00500,72835,2310,SEEUD        UHT   UL111380VDHW N63333730E053473650    N63333730E053473650E0210005002  452WGEUKHTA                         ,SEEUD        UHT   UL2S    UN                                             E020800500                                       ,3,"sim_cont_sim_magnetic_variation,sim_cont_sim_file_record_number,sim_cont_1_123"
S,EEU,D,,,,,ULD,UI,11350,VDHW,N51484220,E107262390,,N51484220,E107262390,W0060,01673,2,,,WGE,MUKHINO,S,Simulation application continuation,UN,W0064,01673,72839,2509,SEEUD        ULD   UI111350VDHW N51484220E107262390    N51484220E107262390W0060016732     WGEMUKHINO                       ,SEEUD        ULD   UI2S    UN                                             W006401673                                       ,4,"station_declination,sim_cont_sim_file_record_number,sim_cont_sim_cycle_date,primary_1_123"
S,EEU,D,,,,,UTS,UE,11230,VDHW,N62053310,E129470510,,N62053310,E129470510,W0160,00394,2,,,WGE,YAKUTSK,S,Simulation application continuation,UN,W0164,00394,72847,2305,SEEUD        UTS   UE111230VDHW N62053310E129470510    N62053310E129470510W0160003942     WGEYAKUTSK                       ,SEEUD        UTS   UE2S    UN                                             W016400394                                       ,3,"sim_cont_sim_magnetic_variation,sim_cont_sim_file_record_number,sim_cont_1_123"
S,EEU,D,,,,,VEN,EV,11785,VDHW,N57204200,E021313800,,N57204200,E021313800,E0080,00001,2,,,WGE,VENTSPILS,S,Simulation application continuation,UY,E0083,,72855,2205,SEEUD        VEN   EV111785VDHW N57204200E021313800    N57204200E021313800E0080000012     WGEVENTSPILS                     ,SEEUD        VEN   EV2S    UY                                             E0083                                            ,3,"sim_cont_sim_magnetic_variation,sim_cont_sim_file_record_number,sim_cont_1_123"
S,EEU,D,,,,,VLM,LK,11430,VDH,N49421538,E015040027,,N49421538,E015040027,E0040,01500,2,,289,WGE,VLASIM,S,Simulation application continuation,UU,E0052,01500,72867,1705,SEEUD        VLM   LK111430VDH  N49421538E015040027    N49421538E015040027E0040015002  289WGEVLASIM                        ,SEEUD        VLM   LK2S    UU                                             E005201500                                       ,3,"sim_cont_sim_magnetic_variation,sim_cont_sim_file_record_number,sim_cont_1_123"
S,EEU,D,,,,,VNO,EY,11380,VDH,N54380980,E025173710,,N54380980,E025173710,E0080,00700,2,,288,WGE,VILNIUS,S,Simulation application continuation,UU,E0086,00700,72871,1609,SEEUD        VNO   EY111380VDH  N54380980E025173710    N54380980E025173710E0080007002  288WGEVILNIUS                       ,SEEUD        VNO   EY2S    UU                                             E008600700                                       ,3,"sim_cont_sim_magnetic_variation,sim_cont_sim_file_record_number,sim_cont_1_123"
S,EEU,D,,,,,VOZ,LK,11695,VDHW,N49315638,E014522879,,N49315638,E014522879,E0050,02200,2,,430,WGE,VOZICE,S,Simulation application continuation,UN,E0051,,72873,2211,SEEUD        VOZ   LK111695VDHW N49315638E014522879    N49315638E014522879E0050022002  430WGEVOZICE                        ,SEEUD        VOZ   LK2S    UN                                             E0051                                            ,3,"sim_cont_sim_magnetic_variation,sim_cont_sim_file_record_number,sim_cont_1_123"
S,EEU,D,,,,,VTB,UM,11270,VDH,N55074040,E030213580,,N55074040,E030213580,E0090,00700,2,,452,WGE,VICIEBSK,S,Simulation application continuation,UN,E0100,,72877,2110,SEEUD        VTB   UM111270VDH  N55074040E030213580    N55074040E030213580E0090007002  452WGEVICIEBSK                      ,SEEUD        VTB   UM2S    UN                                             E0100                                            ,3,"sim_cont_sim_magnetic_variation,sim_cont_sim_file_record_number,sim_cont_1_123"
S,EEU,D,,,,,WCL,EP,11165,VDL,N51053360,E016550820,,N51053360,E016550820,E0050,00400,1,,470,WGE,WROCLAW,S,Simulation application continuation,UN,E0058,00400,72885,2406,SEEUD        WCL   EP111165VDL  N51053360E016550820    N51053360E016550820E0050004001  470WGEWROCLAW                       ,SEEUD        WCL   EP2S    UN                                             E005800400                                       ,3,"sim_cont_sim_magnetic_variation,sim_cont_sim_file_record_number,sim_cont_1_123"
S,EEU,D,,,,,WHX,ZS,11545,VDLW,N31052500,E118385080,,N31052500,E118385080,W0060,00118,1,,,WGE,WUHU,S,Simulation application continuation,UN,W0060,00118,72899,2413,SEEUD        WHX   ZS111545VDLW N31052500E118385080    N31052500E118385080W0060001181     WGEWUHU                          ,SEEUD        WHX   ZS2S    UN                                             W006000118                                       ,3,"sim_cont_sim_magnetic_variation,sim_cont_sim_file_record_number,sim_cont_1_123"
S,EEU,D,,,,,WKL,UL,10820,VDHW,N56224600,E030362400,,N56224600,E030362400,E0090,00416,2,,573,WGE,VELIKIYE LUKI,S,Simulation application continuation,UN,E0106,00416,72909,1205,SEEUD        WKL   UL110820VDHW N56224600E030362400    N56224600E030362400E0090004162  573WGEVELIKIYE LUKI                 ,SEEUD        WKL   UL2S    UN                                             E010600416                                       ,3,"sim_cont_sim_magnetic_variation,sim_cont_sim_file_record_number,sim_cont_1_123"
S,EEU,D,,,,,WNZ,ZS,11640,VDTW,N27554505,E120515269,,N27554505,E120515269,W0060,00052,0,,526,WGE,WENZHOU,S,Simulation application continuation,UN,W0056,00052,72921,2507,SEEUD        WNZ   ZS111640VDTW N27554505E120515269    N27554505E120515269W0060000520  526WGEWENZHOU                       ,SEEUD        WNZ   ZS2S    UN                                             W005600052                                       ,4,"station_declination,sim_cont_sim_file_record_number,sim_cont_sim_cycle_date,primary_1_123"
S,EEU,D,,,,,WXI,ZB,11570,VDHW,N36214800,E114550000,,N36214800,E114550000,W0060,05000,2,,,WGE,WEIXIAN,S,Simulation application continuation,UN,W0063,05000,72939,2510,SEEUD        WXI   ZB111570VDHW N36214800E114550000    N36214800E114550000W0060050002     WGEWEIXIAN                       ,SEEUD        WXI   ZB2S    UN                                             W006305000                                       ,4,"station_declination,sim_cont_sim_file_record_number,sim_cont_sim_cycle_date,primary_1_123"
S,EEU,D,,,,,YBL,ZL,11570,VDHW,N39251800,E102463000,,N39251800,E102463000,W0020,04000,2,,534,WGE,YABRAI,S,Simulation application continuation,UY,W0029,,72977,1601,SEEUD        YBL   ZL111570VDHW N39251800E102463000    N39251800E102463000W0020040002  534WGEYABRAI                        ,SEEUD        YBL   ZL2S    UY                                             W0029                                            ,3,"sim_cont_sim_magnetic_variation,sim_cont_sim_file_record_number,sim_cont_1_123"
S,EEU,D,,,,,YS,UH,11490,VDHW,N46514900,E142425850,,N46514940,E142425840,W0110,00098,2,,,WGE,YUZHNO-SAKHALINSK,S,Simulation application continuation,UY,W0108,00098,73003,1904,SEEUD        YS    UH111490VDHW N46514900E142425850    N46514940E142425840W0110000982     WGEYUZHNO-SAKHALINSK             ,SEEUD        YS    UH2S    UY                                             W010800098                                       ,3,"sim_cont_sim_magnetic_variation,sim_cont_sim_file_record_number,sim_cont_1_123"
S,EEU,D,,,,,ZAQ,UB,11410,VDL,N41331410,E046401200,,N41331410,E046401200,E0070,01300,1,,,WGE,ZAGATALA,S,Simulation application continuation,UN,E0070,01300,73007,2404,SEEUD        ZAQ   UB111410VDL  N41331410E046401200    N41331410E046401200E0070013001     WGEZAGATALA                      ,SEEUD        ZAQ   UB2S    UN                                             E007001300                                       ,3,"sim_cont_sim_magnetic_variation,sim_cont_sim_file_record_number,sim_cont_1_123"
S,EEU,D,,,,,ZWX,ZL,11750,VDHW,N37342400,E105073000,,N37342400,E105073000,W0030,04147,2,,591,WGE,ZHONGWEI,S,Simulation application continuation,UN,W0035,04147,73039,2405,SEEUD        ZWX   ZL111750VDHW N37342400E105073000    N37342400E105073000W0030041472  591WGEZHONGWEI                      ,SEEUD        ZWX   ZL2S    UN                                             W003504147                                       ,3,"sim_cont_sim_magnetic_variation,sim_cont_sim_file_record_number,sim_cont_1_123"
