record_type,area_code,sec,sub,icao,runway_id,rwy_length_ft,rwy_mag_brg_tenths,lat_raw,lon_raw,rwy_grad_pct100,lthr_elev_ft,dthr_ft,tch_raw,rwy_width_ft,loc_mls_gls_ident,loc_cat_class,sim_cont_appl_code,sim_cont_appl_label,sim_cont_sim_facility_characteristics,sim_cont_sim_magnetic_variation,sim_cont_sim_facility_elevation,sim_cont_sim_file_record_number,sim_cont_sim_cycle_date,primary_1_123,sim_cont_1_123,changed_field_count,changed_fields
S,EEU,P,G,EPGD,RW11,09186,1060,N54225184,E018270738,,00451,0000,50,148,,,S,Simulation application continuation,,,,15273,2510,SEEUP EPGDEPGRW11    1091861060 N54225184E018270738         +0167100451000050148      0000                                 ,SEEUP EPGDEPGRW11    2S                            11300Y        T00451                                                    ,4,"rwy_mag_brg_tenths,sim_cont_sim_file_record_number,sim_cont_sim_cycle_date,primary_1_123"
S,EEU,P,G,EPGD,RW29,09186,2860,N54221656,E018293018,,00488,0000,53,148,IGDA,,S,Simulation application continuation,,,,15275,2510,SEEUP EPGDEPGRW29    1091862860 N54221656E018293018         +0178400488000053148 IGDA 0000                                 ,SEEUP EPGDEPGRW29    2S                            29300Y        L00488                                                    ,4,"rwy_mag_brg_tenths,sim_cont_sim_file_record_number,sim_cont_sim_cycle_date,primary_1_123"
S,EEU,P,G,EPLB,RW07,08268,0710,N51141552,E022414537,,00632,0000,50,148,,,S,Simulation application continuation,,,,16637,2504,SEEUP EPLBEPGRW07    1082680710 N51141552E022414537         +0223800632000050148      0000                                 ,SEEUP EPLBEPGRW07    2S                            07707Y        L00632                                                    ,3,"sim_cont_sim_file_record_number,sim_cont_sim_cycle_date,primary_1_123"
S,EEU,P,G,EPLB,RW25,08268,2510,N51143368,E022435202,,00627,0000,58,148,ISWI,,S,Simulation application continuation,,,,16639,2504,SEEUP EPLBEPGRW25    1082682510 N51143368E022435202         +0221800627000058148 ISWI 0000                                 ,SEEUP EPLBEPGRW25    2S                            25707Y        T00629                                                    ,4,"lthr_elev_ft,sim_cont_sim_file_record_number,sim_cont_sim_cycle_date,primary_1_123"
S,EEU,P,G,EPPT,RW03L,03117,0270,N51224410,E019410563,,00667,0000,40,059,,,S,Simulation application continuation,,,,18120,2510,SEEUP EPPTEPGRW03L   1031170270 N51224410E019410563               00667000040059      0000                                 ,SEEUP EPPTEPGRW03L   2S                            03300Y        T00667                                                    ,4,"rwy_mag_brg_tenths,sim_cont_sim_file_record_number,sim_cont_sim_cycle_date,primary_1_123"
S,EEU,P,G,EPPT,RW21R,03117,2070,N51231033,E019413170,,00671,0000,40,059,,,S,Simulation application continuation,,,,18122,2510,SEEUP EPPTEPGRW21R   1031172070 N51231033E019413170               00671000040059      0000                                 ,SEEUP EPPTEPGRW21R   2S                            21300Y        T00671                                                    ,4,"rwy_mag_brg_tenths,sim_cont_sim_file_record_number,sim_cont_sim_cycle_date,primary_1_123"
S,EEU,P,G,EPRZ,RW09,10499,0840,N50063667,E022000553,,00688,0000,50,148,,,S,Simulation application continuation,,,,18658,2507,SEEUP EPRZEPGRW09    1104990840 N50063667E022000553         +0244600688000050148      0000                                 ,SEEUP EPRZEPGRW09    2S                            09116Y        T00691                                                    ,3,"sim_cont_sim_file_record_number,sim_cont_sim_cycle_date,sim_cont_1_123"
S,EEU,P,G,EPRZ,RW27,10499,2640,N50063454,E022024617,,00670,0000,52,148,RZW,,S,Simulation application continuation,,,,18660,2507,SEEUP EPRZEPGRW27    1104992640 N50063454E022024617         +0238800670000052148 RZW  0000                                 ,SEEUP EPRZEPGRW27    2S                            27120Y        T00683                                                    ,5,"lthr_elev_ft,sim_cont_sim_file_record_number,sim_cont_sim_cycle_date,primary_1_123,sim_cont_1_123"
S,EEU,P,G,EPSU,RW08L,04331,0750,N54042400,E022530100,,00588,0000,40,098,,,S,Simulation application continuation,,,,18872,2508,SEEUP EPSUEPGRW08L   1043310750 N54042400E022530100               00588000040098      0000                                 ,SEEUP EPSUEPGRW08L   2S                            08200Y        A00588                                                    ,6,"rwy_mag_brg_tenths,lat_raw,lon_raw,sim_cont_sim_file_record_number,sim_cont_sim_cycle_date,primary_1_123"
S,EEU,P,G,EPSU,RW26R,04331,2550,N54042900,E022541300,,00588,0000,40,098,,,S,Simulation application continuation,,,,18874,2508,SEEUP EPSUEPGRW26R   1043312550 N54042900E022541300               00588000040098      0000                                 ,SEEUP EPSUEPGRW26R   2S                            26200Y        A00588                                                    ,6,"rwy_mag_brg_tenths,lat_raw,lon_raw,sim_cont_sim_file_record_number,sim_cont_sim_cycle_date,primary_1_123"
S,EEU,P,G,EYPH,RW14,00620,1430,N54291426,E024594464,,00467,0000,40,066,,,S,Simulation application continuation,,,,21858,2509,SEEUP EYPHEYGRW14    1006201430 N54291426E024594464               00467000040066      0000                                 ,SEEUP EYPHEYGRW14    2S                            15100Y        L00467                                                    ,4,"tch_raw,sim_cont_sim_file_record_number,sim_cont_sim_cycle_date,primary_1_123"
S,EEU,P,G,EYSA,RW14L,11483,1360,N55542488,E023224578,,00447,0000,55,148,ISZ,,S,Simulation application continuation,,,,22283,2509,SEEUP EYSAEYGRW14L   1114831360 N55542488E023224578               00447000055148 ISZ  0000                                 ,SEEUP EYSAEYGRW14L   2S                            14608Y        T00447                                                    ,4,"rwy_grad_pct100,sim_cont_sim_file_record_number,sim_cont_sim_cycle_date,primary_1_123"
S,EEU,P,G,EYSA,RW14R,10643,1360,N55541481,E023224087,,00440,0000,50,105,,,S,Simulation application continuation,,,,22285,2509,SEEUP EYSAEYGRW14R   1106431360 N55541481E023224087               00440000050105      0000                                 ,SEEUP EYSAEYGRW14R   2S                            14610Y        T00440                                                    ,4,"rwy_grad_pct100,sim_cont_sim_file_record_number,sim_cont_sim_cycle_date,primary_1_123"
S,EEU,P,G,EYSA,RW32L,10643,3160,N55524772,E023242495,,00434,0000,50,105,,,S,Simulation application continuation,,,,22287,2509,SEEUP EYSAEYGRW32L   1106433160 N55524772E023242495               00434000050105      0000                                 ,SEEUP EYSAEYGRW32L   2S                            32613Y        T00434                                                    ,4,"rwy_grad_pct100,sim_cont_sim_file_record_number,sim_cont_sim_cycle_date,primary_1_123"
S,EEU,P,G,EYSA,RW32R,11483,3160,N55525094,E023243815,,00441,0000,51,148,IDL,,S,Simulation application continuation,,,,22289,2509,SEEUP EYSAEYGRW32R   1114833160 N55525094E023243815               00441000051148 IDL  0000                                 ,SEEUP EYSAEYGRW32R   2S                            32611Y        T00441                                                    ,4,"rwy_grad_pct100,sim_cont_sim_file_record_number,sim_cont_sim_cycle_date,primary_1_123"
S,EEU,P,G,LBPD,RW12,08202,1212,N42042868,E024501988,+0500,00563,0000,50,148,,,S,Simulation application continuation,,,,23612,2506,SEEUP LBPDLBGRW12    1082021212 N42042868E024501988+0500    +0214100563000050148      0000                                 ,SEEUP LBPDLBGRW12    2S                            12723Y        L00563                                                    ,4,"rwy_mag_brg_tenths,sim_cont_sim_file_record_number,sim_cont_sim_cycle_date,primary_1_123"
S,EEU,P,G,LBPD,RW30,08202,3012,N42033963,E024514649,-0500,00603,0000,53,148,IPD,,S,Simulation application continuation,,,,23614,2506,SEEUP LBPDLBGRW30    1082023012 N42033963E024514649-0500    +0226200603000053148 IPD  0000                                 ,SEEUP LBPDLBGRW30    2S                            30725Y        L00603                                                    ,4,"rwy_mag_brg_tenths,sim_cont_sim_file_record_number,sim_cont_sim_cycle_date,primary_1_123"
S,EEU,P,G,LBWB,RW15,07812,1520,N43260317,E028103088,-0700,00642,0000,50,148,,,S,Simulation application continuation,,,,24138,2505,SEEUP LBWBLBGRW15    1078121520 N43260317E028103088-0700          00642000050148      0197                                 ,SEEUP LBWBLBGRW15    2S                            15800Y        L00642                                                    ,9,"rwy_length_ft,lat_raw,lon_raw,lthr_elev_ft,rwy_width_ft,sim_cont_sim_file_record_number,sim_cont_sim_cycle_date,primary_1_123,sim_cont_1_123"
S,EEU,P,G,LBWB,RW33,07812,3320,N43245150,E028111003,+0700,00596,0000,50,148,,,S,Simulation application continuation,,,,24140,2505,SEEUP LBWBLBGRW33    1078123320 N43245150E028111003+0700          00596000050148      0197                                 ,SEEUP LBWBLBGRW33    2S                            33800Y        L00596                                                    ,7,"rwy_length_ft,lat_raw,lon_raw,rwy_width_ft,sim_cont_sim_file_record_number,sim_cont_sim_cycle_date,primary_1_123"
S,EEU,P,G,LKCS,RW09,08202,0850,N48564694,E014243745,,01416,0000,50,148,,,S,Simulation application continuation,,,,26766,2510,SEEUP LKCSLKGRW09    1082020850 N48564694E014243745               01416000050148      0000                                 ,SEEUP LKCSLKGRW09    2S                            09000Y        L01416                                                    ,5,"lat_raw,lon_raw,sim_cont_sim_file_record_number,sim_cont_sim_cycle_date,primary_1_123"
S,EEU,P,G,LKCS,RW27,08202,2650,N48564699,E014262560,,01356,0984,50,148,BW,,S,Simulation application continuation,,,,26768,2510,SEEUP LKCSLKGRW27    1082022650 N48564699E014262560         +0459701356098450148 BW   0000                                 ,SEEUP LKCSLKGRW27    2S                            27000Y        T01367                                                    ,3,"sim_cont_sim_file_record_number,sim_cont_sim_cycle_date,sim_cont_1_123"
S,EEU,P,G,LKKU,RW02C,06562,0200,N49011661,E017260234,,00573,0000,50,098,,,S,Simulation application continuation,,,,27177,2510,SEEUP LKKULKGRW02C   1065620200 N49011661E017260234               00573000050098      0000                                 ,SEEUP LKKULKGRW02C   2S                            02500Y        T00574                                                    ,3,"sim_cont_sim_file_record_number,sim_cont_sim_cycle_date,sim_cont_1_123"
S,EEU,P,G,LKPD,RW09,08202,0880,N50005039,E015431614,,00736,0000,50,246,,,S,Simulation application continuation,,,,28173,2505,SEEUP LKPDLKGRW09    1082020880 N50005039E015431614         +0268500736000050246      0000                                 ,SEEUP LKPDLKGRW09    2S                            09300Y        L00736                                                    ,4,"rwy_mag_brg_tenths,sim_cont_sim_file_record_number,sim_cont_sim_cycle_date,primary_1_123"
S,EEU,P,G,LKPD,RW27,08202,2680,N50004650,E015452156,,00731,0000,51,246,PK,,S,Simulation application continuation,,,,28175,2505,SEEUP LKPDLKGRW27    1082022680 N50004650E015452156         +0267100731000051246 PK   0000                                 ,SEEUP LKPDLKGRW27    2S                            27300Y        L00731                                                    ,4,"rwy_mag_brg_tenths,sim_cont_sim_file_record_number,sim_cont_sim_cycle_date,primary_1_123"
S,EEU,P,G,LRBC,RW16,08202,1580,N46315793,E026542129,,00608,0000,54,148,,,S,Simulation application continuation,,,,30040,2509,SEEUP LRBCLRGRW16    1082021580 N46315793E026542129         +0218500608000054148      0000                                 ,SEEUP LRBCLRGRW16    2S                            16482Y        L00608                                                    ,9,"rwy_mag_brg_tenths,lat_raw,lon_raw,lthr_elev_ft,tch_raw,sim_cont_sim_file_record_number,sim_cont_sim_cycle_date,primary_1_123,sim_cont_1_123"
S,EEU,P,G,LRBC,RW34,08202,3380,N46303979,E026545199,,00590,0000,54,148,IBC,,S,Simulation application continuation,,,,30042,2509,SEEUP LRBCLRGRW34    1082023380 N46303979E026545199         +0213000590000054148 IBC  0000                                 ,SEEUP LRBCLRGRW34    2S                            34483Y        T00594                                                    ,8,"rwy_mag_brg_tenths,lat_raw,lon_raw,lthr_elev_ft,sim_cont_sim_file_record_number,sim_cont_sim_cycle_date,primary_1_123,sim_cont_1_123"
S,EEU,P,G,LRBV,RW03,09252,0300,N45414568,E025304605,-0500,01764,0000,50,148,,,S,Simulation application continuation,,,,30964,2510,SEEUP LRBVLRGRW03    1092520300 N45414568E025304605-0500    +0576301764000050148      0000                                 ,SEEUP LRBVLRGRW03    2S                            03628Y        L01764                                                    ,3,"sim_cont_sim_file_record_number,sim_cont_sim_cycle_date,primary_1_123"
S,EEU,P,G,LRBV,RW21,09252,2100,N45425931,E025320323,+0500,01717,0000,54,148,IBV,,S,Simulation application continuation,,,,30966,2510,SEEUP LRBVLRGRW21    1092522100 N45425931E025320323+0500    +0562001717000054148 IBV  0000                                 ,SEEUP LRBVLRGRW21    2S                            21630Y        T01721                                                    ,3,"sim_cont_sim_file_record_number,sim_cont_sim_cycle_date,primary_1_123"
S,EEU,P,G,LROD,RW19,08268,1860,N47015971,E021541692,,00450,0492,52,148,IOD,,S,Simulation application continuation,,,,32803,2509,SEEUP LRODLRGRW19    1082681860 N47015971E021541692               00450049252148 IOD  0000                                 ,SEEUP LRODLRGRW19    2S                            19117Y        T00453                                                    ,4,"loc_mls_gls_ident,sim_cont_sim_file_record_number,sim_cont_sim_cycle_date,primary_1_123"
S,EEU,P,G,LRTR,RW11,11483,1050,N45485457,E021190006,,00343,0000,55,148,ITS,,S,Simulation application continuation,,,,34655,2505,SEEUP LRTRLRGRW11    1114831050 N45485457E021190006         +0147800343000055148 ITS  0000                                 ,SEEUP LRTRLRGRW11    2S                            10975Y        T00348                                                    ,3,"sim_cont_sim_file_record_number,sim_cont_sim_cycle_date,primary_1_123"
S,EEU,P,G,LRTR,RW29,11483,2850,N45481624,E021213261,,00344,0000,56,148,ITR,,S,Simulation application continuation,,,,34657,2505,SEEUP LRTRLRGRW29    1114832850 N45481624E021213261         +0148200344000056148 ITR  0000                                 ,SEEUP LRTRLRGRW29    2S                            28978Y        T00347                                                    ,3,"sim_cont_sim_file_record_number,sim_cont_sim_cycle_date,primary_1_123"
S,EEU,P,G,LZTN,RW04,06562,0370,N48512718,E017585799,,00676,0000,50,098,,,S,Simulation application continuation,,,,36803,2507,SEEUP LZTNLZGRW04    1065620370 N48512718E017585799               00676000050098      0000                                 ,SEEUP LZTNLZGRW04    2S                            04300N        A00676                                                    ,5,"rwy_mag_brg_tenths,sim_cont_sim_file_record_number,sim_cont_sim_cycle_date,primary_1_123,sim_cont_1_123"
S,EEU,P,G,LZTN,RW22,06562,2170,N48521479,E018000515,,00676,0000,50,098,,,S,Simulation application continuation,,,,36805,2507,SEEUP LZTNLZGRW22    1065622170 N48521479E018000515               00676000050098      0000                                 ,SEEUP LZTNLZGRW22    2S                            22300N        A00676                                                    ,5,"rwy_mag_brg_tenths,sim_cont_sim_file_record_number,sim_cont_sim_cycle_date,primary_1_123,sim_cont_1_123"
S,EEU,P,G,UAKD,RW04,08533,0440,N47420651,E067432914,-0360,01251,0000,50,138,,,S,Simulation application continuation,,,,40647,2504,SEEUP UAKDUAGRW04    1085330440 N47420651E067432914-0360          01251000050138      0000                                 ,SEEUP UAKDUAGRW04    2S                            05173Y        L01251                                                    ,4,"rwy_length_ft,sim_cont_sim_file_record_number,sim_cont_sim_cycle_date,primary_1_123"
S,EEU,P,G,UAKD,RW22,08533,2240,N47425868,E067450714,+0360,01234,0000,49,138,IGN,,S,Simulation application continuation,,,,40649,2504,SEEUP UAKDUAGRW22    1085332240 N47425868E067450714+0360          01234000049138 IGN  0000                                 ,SEEUP UAKDUAGRW22    2S                            23175Y        L01234                                                    ,4,"rwy_length_ft,sim_cont_sim_file_record_number,sim_cont_sim_cycle_date,primary_1_123"
S,EEU,P,G,UBBB,RW16,13123,1610,N40292755,E050014949,-0168,00004,0000,55,197,IBI,,S,Simulation application continuation,,,,44403,2507,SEEUP UBBBUBGRW16    1131231610 N40292755E050014949-0168          00004000055197 IBI  0295                                 ,SEEUP UBBBUBGRW16    2S                            16650Y        T00004                                                    ,5,"lat_raw,lon_raw,sim_cont_sim_file_record_number,sim_cont_sim_cycle_date,primary_1_123"
S,EEU,P,G,UBBB,RW34,13123,3410,N40272128,E050022916,+0168,-0018,0000,55,197,IBN,,S,Simulation application continuation,,,,44407,2507,SEEUP UBBBUBGRW34    1131233410 N40272128E050022916+0168          -0018000055197 IBN  0295                                 ,SEEUP UBBBUBGRW34    2S                            34651Y        T-0015                                                    ,4,"lat_raw,sim_cont_sim_file_record_number,sim_cont_sim_cycle_date,primary_1_123"
S,EEU,P,G,UBBF,RW11,09843,1100,N39354825,E047111005,-1200,01247,0000,50,148,IFL,,S,Simulation application continuation,,,,44516,2509,SEEUP UBBFUBGRW11    1098431100 N39354825E047111005-1200          01247000050148 IFL  0197                                 ,SEEUP UBBFUBGRW11    2S                            11600Y        T01247                                                    ,4,"rwy_grad_pct100,sim_cont_sim_file_record_number,sim_cont_sim_cycle_date,primary_1_123"
S,EEU,P,G,UBBF,RW29,09843,2900,N39350554,E047130301,+1200,01135,0000,50,148,IFZ,,S,Simulation application continuation,,,,44518,2509,SEEUP UBBFUBGRW29    1098432900 N39350554E047130301+1200          01135000050148 IFZ  0197                                 ,SEEUP UBBFUBGRW29    2S                            29600Y        T01163                                                    ,4,"rwy_grad_pct100,sim_cont_sim_file_record_number,sim_cont_sim_cycle_date,primary_1_123"
S,EEU,P,G,UBBL,RW15,10827,1450,N38461819,E048474964,+0148,-0051,0000,50,148,,,S,Simulation application continuation,,,,44785,2507,SEEUP UBBLUBGRW15    1108271450 N38461819E048474964+0148          -0051000050148      0197                                 ,SEEUP UBBLUBGRW15    2S                            15103Y        L-0051                                                    ,6,"rwy_mag_brg_tenths,lthr_elev_ft,sim_cont_sim_file_record_number,sim_cont_sim_cycle_date,primary_1_123,sim_cont_1_123"
S,EEU,P,G,UBBL,RW33,10827,3250,N38444455,E048485580,-0148,-0034,0000,50,148,ILM,,S,Simulation application continuation,,,,44787,2507,SEEUP UBBLUBGRW33    1108273250 N38444455E048485580-0148          -0034000050148 ILM  0197                                 ,SEEUP UBBLUBGRW33    2S                            33103Y        L-0034                                                    ,6,"rwy_mag_brg_tenths,lthr_elev_ft,sim_cont_sim_file_record_number,sim_cont_sim_cycle_date,primary_1_123,sim_cont_1_123"
S,EEU,P,G,UBBZ,RW03,09843,0260,N39060583,E046440158,-0600,01633,0000,50,148,IZN,,S,Simulation application continuation,,,,45562,2509,SEEUP UBBZUBGRW03    1098430260 N39060583E046440158-0600          01633000050148 IZN  0197                                 ,SEEUP UBBZUBGRW03    2S                            03150Y        T01633                                                    ,4,"rwy_grad_pct100,sim_cont_sim_file_record_number,sim_cont_sim_cycle_date,primary_1_123"
S,EEU,P,G,UBBZ,RW21,09843,2060,N39072880,E046450682,+0600,01571,0000,50,148,IZG,,S,Simulation application continuation,,,,45564,2509,SEEUP UBBZUBGRW21    1098432060 N39072880E046450682+0600          01571000050148 IZG  0197                                 ,SEEUP UBBZUBGRW21    2S                            21151Y        T01588                                                    ,4,"rwy_grad_pct100,sim_cont_sim_file_record_number,sim_cont_sim_cycle_date,primary_1_123"
S,EEU,P,G,UCFD,RW01,05797,0100,N40561361,E072582963,,02522,0000,49,115,,,S,Simulation application continuation,,,,45728,2506,SEEUP UCFDUCGRW01    1057970100 N40561361E072582963               02522000049115      0000                                 ,SEEUP UCFDUCGRW01    2S                            01454Y        L02522                                                    ,4,"tch_raw,sim_cont_sim_file_record_number,sim_cont_sim_cycle_date,primary_1_123"
S,EEU,P,G,UCFD,RW19,05797,1900,N40570904,E072584860,,02591,0000,50,115,,,S,Simulation application continuation,,,,45730,2506,SEEUP UCFDUCGRW19    1057971900 N40570904E072584860               02591000050115      0000                                 ,SEEUP UCFDUCGRW19    2S                            19455Y        L02591                                                    ,4,"tch_raw,sim_cont_sim_file_record_number,sim_cont_sim_cycle_date,primary_1_123"
S,EEU,P,G,UCFK,RW10,08048,0990,N42303952,E078233597,,05569,0000,50,148,,,S,Simulation application continuation,,,,45736,2509,SEEUP UCFKUCGRW10    1080480990 N42303952E078233597               05569000050148      0000                                 ,SEEUP UCFKUCGRW10    2S                            10397Y        L05569                                                    ,10,"rwy_length_ft,rwy_mag_brg_tenths,lat_raw,lon_raw,lthr_elev_ft,rwy_width_ft,sim_cont_sim_file_record_number,sim_cont_sim_cycle_date,primary_1_123,sim_cont_1_123"
S,EEU,P,G,UCFK,RW28,08048,2790,N42302032,E078252023,,05593,0000,50,148,,,S,Simulation application continuation,,,,45738,2509,SEEUP UCFKUCGRW28    1080482790 N42302032E078252023               05593000050148      0000                                 ,SEEUP UCFKUCGRW28    2S                            28399Y        L05593                                                    ,10,"rwy_length_ft,rwy_mag_brg_tenths,lat_raw,lon_raw,lthr_elev_ft,rwy_width_ft,sim_cont_sim_file_record_number,sim_cont_sim_cycle_date,primary_1_123,sim_cont_1_123"
S,EEU,P,G,UDYE,RW03,08694,0260,N40064296,E044272421,+0640,02900,0000,50,148,,,S,Simulation application continuation,,,,46377,2407,SEEUP UDYEUDGRW03    1086940260 N40064296E044272421+0640          02900000050148      0000                                 ,SEEUP UDYEUDGRW03    2S                            03256Y        T02900                                                    ,3,"rwy_width_ft,sim_cont_sim_file_record_number,primary_1_123"
S,EEU,P,G,UDYE,RW21,08694,2060,N40074439,E044281515,-0640,02955,1312,50,148,,,S,Simulation application continuation,,,,46379,2407,SEEUP UDYEUDGRW21    1086942060 N40074439E044281515-0640          02955131250148      0000                                 ,SEEUP UDYEUDGRW21    2S                            21257Y        T02955                                                    ,3,"rwy_width_ft,sim_cont_sim_file_record_number,primary_1_123"
S,EEU,P,G,UEEE,RW05,11148,0530,N62045459,E129452359,,00324,0000,52,197,G05A,,S,Simulation application continuation,,,,47528,2505,SEEUP UEEEUEGRW05    1111480530 N62045459E129452359               00324000052197 G05A 0000                                 ,SEEUP UEEEUEGRW05    2S                            03687Y        L00324                                                    ,9,"rwy_length_ft,lat_raw,lon_raw,lthr_elev_ft,dthr_ft,sim_cont_sim_file_record_number,sim_cont_sim_cycle_date,primary_1_123,sim_cont_1_123"
S,EEU,P,G,UEEE,RW23,11148,2330,N62062239,E129474419,,00315,0000,51,197,IMF,,S,Simulation application continuation,,,,47530,2505,SEEUP UEEEUEGRW23    1111482330 N62062239E129474419               00315000051197 IMF  0000                                 ,SEEUP UEEEUEGRW23    2S                            21691Y        T00323                                                    ,6,"rwy_length_ft,lon_raw,sim_cont_sim_file_record_number,sim_cont_sim_cycle_date,primary_1_123,sim_cont_1_123"
S,EEU,P,G,UHMD,RW02,06562,0170,N64221452,W173150084,,00022,0000,50,171,G02A,,S,Simulation application continuation,,,,54376,2505,SEEUP UHMDUHGRW02    1065620170 N64221452W173150084               00022000050171 G02A 0000                                 ,SEEUP UHMDUHGRW02    2S                            02133Y        T00035                                                    ,4,"rwy_length_ft,sim_cont_sim_file_record_number,sim_cont_sim_cycle_date,primary_1_123"
S,EEU,P,G,UHMD,RW20,06562,1970,N64231460,W173140601,,00068,0000,50,171,G20A,,S,Simulation application continuation,,,,54378,2505,SEEUP UHMDUHGRW20    1065621970 N64231460W173140601               00068000050171 G20A 0000                                 ,SEEUP UHMDUHGRW20    2S                            20134Y        T00070                                                    ,8,"rwy_length_ft,lat_raw,lon_raw,lthr_elev_ft,sim_cont_sim_file_record_number,sim_cont_sim_cycle_date,primary_1_123,sim_cont_1_123"
S,EEU,P,G,UHMP,RW17,08202,1700,N69473904,E170352268,,00008,0000,54,138,G17A,,S,Simulation application continuation,,,,55519,2505,SEEUP UHMPUHGRW17    1082021700 N69473904E170352268               00008000054138 G17A 0000                                 ,SEEUP UHMPUHGRW17    2S                            16685Y        T00008                                                    ,8,"rwy_length_ft,lat_raw,lon_raw,lthr_elev_ft,sim_cont_sim_file_record_number,sim_cont_sim_cycle_date,primary_1_123,sim_cont_1_123"
S,EEU,P,G,UHMP,RW35,08202,3500,N69462050,E170361569,,00010,0000,54,138,IBM,,S,Simulation application continuation,,,,55521,2505,SEEUP UHMPUHGRW35    1082023500 N69462050E170361569               00010000054138 IBM  0000                                 ,SEEUP UHMPUHGRW35    2S                            34687Y        T00010                                                    ,4,"rwy_length_ft,sim_cont_sim_file_record_number,sim_cont_sim_cycle_date,primary_1_123"
S,EEU,P,G,UHNN,RW29,06112,2880,N53091253,E140395421,-0460,00179,0000,55,112,IME,,S,Simulation application continuation,,,,56297,2509,SEEUP UHNNUHGRW29    1061122880 N53091253E140395421-0460          00179000055112 IME  0000                                 ,SEEUP UHNNUHGRW29    2S                            27473Y        L00179                                                    ,4,"tch_raw,sim_cont_sim_file_record_number,sim_cont_sim_cycle_date,primary_1_123"
S,EEU,P,G,UIUU,RW08,11155,0840,N51482398,E107245945,,01700,0000,56,148,IUL,,S,Simulation application continuation,,,,62212,2509,SEEUP UIUUUIGRW08    1111550840 N51482398E107245945               01700000056148 IUL  0000                                 ,SEEUP UIUUUIGRW08    2S                            07801Y        T01700                                                    ,4,"rwy_mag_brg_tenths,sim_cont_sim_file_record_number,sim_cont_sim_cycle_date,primary_1_123"
S,EEU,P,G,UIUU,RW26,11155,2640,N51484669,E107275308,,01651,0000,57,148,IZD,,S,Simulation application continuation,,,,62214,2509,SEEUP UIUUUIGRW26    1111552640 N51484669E107275308               01651000057148 IZD  0000                                 ,SEEUP UIUUUIGRW26    2S                            25801Y        T01674                                                    ,4,"rwy_mag_brg_tenths,sim_cont_sim_file_record_number,sim_cont_sim_cycle_date,primary_1_123"
S,EEU,P,G,ULAA,RW08,08202,0780,N64360551,E040412604,,00042,0000,52,148,IAZ,,S,Simulation application continuation,,,,66748,2504,SEEUP ULAAULGRW08    1082020780 N64360551E040412604               00042000052148 IAZ  0000                                 ,SEEUP ULAAULGRW08    2S                            09647Y        T00060                                                    ,7,"lat_raw,lon_raw,lthr_elev_ft,sim_cont_sim_file_record_number,sim_cont_sim_cycle_date,primary_1_123,sim_cont_1_123"
S,EEU,P,G,ULAA,RW26,08202,2580,N64355638,E040443305,,00052,0000,57,148,IKM,,S,Simulation application continuation,,,,66750,2504,SEEUP ULAAULGRW26    1082022580 N64355638E040443305               00052000057148 IKM  0000                                 ,SEEUP ULAAULGRW26    2S                            27650Y        T00059                                                    ,5,"lon_raw,sim_cont_sim_file_record_number,sim_cont_sim_cycle_date,primary_1_123,sim_cont_1_123"
S,EEU,P,G,ULLI,RW10R,12402,0950,N59475971,E030130602,,00067,0000,53,197,IPK,,S,Simulation application continuation,,,,68244,2510,SEEUP ULLIULGRW10R   1124020950 N59475971E030130602               00067000053197 IPK  0000                                 ,SEEUP ULLIULGRW10R   2S                            10639Y        T00073                                                    ,4,"tch_raw,sim_cont_sim_file_record_number,sim_cont_sim_cycle_date,primary_1_123"
S,EEU,P,G,ULMM,RW13,08202,1290,N68472799,E032440244,,00242,0000,51,138,IPF,,S,Simulation application continuation,,,,69045,2505,SEEUP ULMMULGRW13    1082021290 N68472799E032440244               00242000051138 IPF  0000                                 ,SEEUP ULMMULGRW13    2S                            14615Y        T00242                                                    ,5,"rwy_mag_brg_tenths,sim_cont_sim_file_record_number,sim_cont_sim_cycle_date,primary_1_123,sim_cont_1_123"
S,EEU,P,G,ULMM,RW31,08202,3090,N68462095,E032460642,,00267,0000,50,138,IRD,,S,Simulation application continuation,,,,69047,2505,SEEUP ULMMULGRW31    1082023090 N68462095E032460642               00267000050138 IRD  0000                                 ,SEEUP ULMMULGRW31    2S                            32618Y        T00267                                                    ,5,"rwy_mag_brg_tenths,sim_cont_sim_file_record_number,sim_cont_sim_cycle_date,primary_1_123,sim_cont_1_123"
S,EEU,P,G,ULOO,RW19,08281,1890,N57473334,E028240219,,00154,0000,53,144,INP,,S,Simulation application continuation,,,,69312,2506,SEEUP ULOOULGRW19    1082811890 N57473334E028240219               00154000053144 INP  0000                                 ,SEEUP ULOOULGRW19    2S                            19804Y        T00154                                                    ,5,"tch_raw,loc_mls_gls_ident,sim_cont_sim_file_record_number,sim_cont_sim_cycle_date,primary_1_123"
S,EEU,P,G,ULPB,RW01,08212,0090,N61522939,E034084372,-0140,00149,0000,49,157,G01A,,S,Simulation application continuation,,,,69689,2504,SEEUP ULPBULGRW01    1082120090 N61522939E034084372-0140          00149000049157 G01A 0000                                 ,SEEUP ULPBULGRW01    2S                            02310Y        L00149                                                    ,6,"rwy_mag_brg_tenths,rwy_grad_pct100,tch_raw,sim_cont_sim_file_record_number,sim_cont_sim_cycle_date,primary_1_123"
S,EEU,P,G,ULPB,RW19,08212,1890,N61534374,E034095096,+0140,00137,0000,51,157,IPD,,S,Simulation application continuation,,,,69691,2504,SEEUP ULPBULGRW19    1082121890 N61534374E034095096+0140          00137000051157 IPD  0000                                 ,SEEUP ULPBULGRW19    2S                            20312Y        L00137                                                    ,5,"rwy_mag_brg_tenths,rwy_grad_pct100,sim_cont_sim_file_record_number,sim_cont_sim_cycle_date,primary_1_123"
S,EEU,P,G,UMIO,RW05,09846,0500,N54255924,E030163377,-0300,00649,0000,57,148,IRS,,S,Simulation application continuation,,,,70804,2507,SEEUP UMIOUMGRW05    1098460500 N54255924E030163377-0300          00649000057148 IRS  0000                                 ,SEEUP UMIOUMGRW05    2S                            06028Y        T00658                                                    ,4,"tch_raw,sim_cont_sim_file_record_number,sim_cont_sim_cycle_date,primary_1_123"
S,EEU,P,G,UMMS,RW13L,12139,1300,N53541903,E028015975,+0290,00646,0000,53,197,IMDL,,S,Simulation application continuation,,,,72654,2507,SEEUP UMMSUMGRW13L   1121391300 N53541903E028015975+0290          00646000053197 IMDL 0000                                 ,SEEUP UMMSUMGRW13L   2S                            13876Y        T00660                                                    ,4,"tch_raw,sim_cont_sim_file_record_number,sim_cont_sim_cycle_date,primary_1_123"
S,EEU,P,G,UMOO,RW13,08419,1280,N53574961,E030045108,-0100,00625,0000,51,138,IUF,,S,Simulation application continuation,,,,72807,2507,SEEUP UMOOUMGRW13    1084191280 N53574961E030045108-0100          00625000051138 IUF  0000                                 ,SEEUP UMOOUMGRW13    2S                            13657Y        T00637                                                    ,4,"tch_raw,sim_cont_sim_file_record_number,sim_cont_sim_cycle_date,primary_1_123"
S,EEU,P,G,UNKM,RW11,05906,1090,N56104996,E092320024,-0670,00833,0000,50,115,,,S,Simulation application continuation,,,,76409,2507,SEEUP UNKMUNGRW11    1059061090 N56104996E092320024-0670          00833000050115      0000                                 ,SEEUP UNKMUNGRW11    2S                            11315Y        L00833                                                    ,3,"sim_cont_sim_file_record_number,sim_cont_sim_cycle_date,sim_cont_1_123"
S,EEU,P,G,UNKM,RW29,05906,2890,N56102707,E092333617,+0670,00794,0000,50,115,IRL,,S,Simulation application continuation,,,,76411,2507,SEEUP UNKMUNGRW29    1059062890 N56102707E092333617+0670          00794000050115 IRL  0000                                 ,SEEUP UNKMUNGRW29    2S                            29317Y        L00794                                                    ,5,"tch_raw,sim_cont_sim_file_record_number,sim_cont_sim_cycle_date,primary_1_123,sim_cont_1_123"
S,EEU,P,G,UNNT,RW07,11801,0720,N55003568,E082372152,,00364,0000,51,197,IRO,,S,Simulation application continuation,,,,77954,2504,SEEUP UNNTUNGRW07    1118010720 N55003568E082372152               00364000051197 IRO  0000                                 ,SEEUP UNNTUNGRW07    2S                            08100Y        T00365                                                    ,4,"tch_raw,sim_cont_sim_file_record_number,sim_cont_sim_cycle_date,primary_1_123"
S,EEU,P,G,URML,RW14,07349,1410,N42492580,E047384727,,00006,0000,58,148,IHC,,S,Simulation application continuation,,,,84292,2510,SEEUP URMLURGRW14    1073491410 N42492580E047384727               00006000058148 IHC  0000                                 ,SEEUP URMLURGRW14    2S                            14756Y        T00008                                                    ,9,"rwy_length_ft,lat_raw,lon_raw,lthr_elev_ft,tch_raw,sim_cont_sim_file_record_number,sim_cont_sim_cycle_date,primary_1_123,sim_cont_1_123"
S,EEU,P,G,URML,RW32,07349,3210,N42482423,E047393951,,00014,0000,55,148,ISM,,S,Simulation application continuation,,,,84294,2510,SEEUP URMLURGRW32    1073493210 N42482423E047393951               00014000055148 ISM  0000                                 ,SEEUP URMLURGRW32    2S                            32756Y        T00015                                                    ,5,"rwy_length_ft,sim_cont_sim_file_record_number,sim_cont_sim_cycle_date,primary_1_123,sim_cont_1_123"
S,EEU,P,G,URSS,RW02,08202,0220,N43260357,E039564046,,00051,0000,50,161,IAD,,S,Simulation application continuation,,,,88615,2509,SEEUP URSSURGRW02    1082020220 N43260357E039564046               00051000050161 IAD  0000                                 ,SEEUP URSSURGRW02    2S                            02870Y        T00060                                                    ,6,"lthr_elev_ft,tch_raw,sim_cont_sim_file_record_number,sim_cont_sim_cycle_date,primary_1_123,sim_cont_1_123"
S,EEU,P,G,URSS,RW06,09498,0580,N43262206,E039553279,,00039,0000,56,148,ISO,,S,Simulation application continuation,,,,88617,2509,SEEUP URSSURGRW06    1094980580 N43262206E039553279               00039000056148 ISO  0000                                 ,SEEUP URSSURGRW06    2S                            06484Y        T00048                                                    ,3,"sim_cont_sim_file_record_number,sim_cont_sim_cycle_date,sim_cont_1_123"
S,EEU,P,G,URSS,RW24,09498,2380,N43270192,E039572933,,00087,0000,50,148,,,S,Simulation application continuation,,,,88621,2509,SEEUP URSSURGRW24    1094982380 N43270192E039572933               00087000050148      0000                                 ,SEEUP URSSURGRW24    2S                            24487Y        L00087                                                    ,5,"lthr_elev_ft,sim_cont_sim_file_record_number,sim_cont_sim_cycle_date,primary_1_123,sim_cont_1_123"
S,EEU,P,G,URWW,RW05,09186,0540,N48462937,E044190663,,00407,0000,52,148,IWG,,S,Simulation application continuation,,,,90117,2510,SEEUP URWWURGRW05    1091860540 N48462937E044190663               00407000052148 IWG  0000                                 ,SEEUP URWWURGRW05    2S                            06432Y        T00423                                                    ,6,"lat_raw,lon_raw,sim_cont_sim_file_record_number,sim_cont_sim_cycle_date,primary_1_123,sim_cont_1_123"
S,EEU,P,G,URWW,RW23,09186,2340,N48470862,E044211025,,00476,0000,50,148,IWD,,S,Simulation application continuation,,,,90119,2510,SEEUP URWWURGRW23    1091862340 N48470862E044211025               00476000050148 IWD  0000                                 ,SEEUP URWWURGRW23    2S                            24435Y        L00476                                                    ,4,"lon_raw,sim_cont_sim_file_record_number,sim_cont_sim_cycle_date,primary_1_123"
S,EEU,P,G,USNN,RW03,10502,0260,N60562106,E076274724,,00143,0000,50,197,IJH,,S,Simulation application continuation,,,,96834,2504,SEEUP USNNUSGRW03    1105020260 N60562106E076274724               00143000050197 IJH  0000                                 ,SEEUP USNNUSGRW03    2S                            04220Y        T00144                                                    ,3,"sim_cont_sim_file_record_number,sim_cont_sim_cycle_date,sim_cont_1_123"
S,EEU,P,G,USPP,RW03,10512,0300,N57541615,E056000696,,00383,0000,56,161,IBK,,S,Simulation application continuation,,,,97461,2504,SEEUP USPPUSGRW03    1105120300 N57541615E056000696               00383000056161 IBK  0000                                 ,SEEUP USPPUSGRW03    2S                            04592Y        T00390                                                    ,5,"tch_raw,loc_mls_gls_ident,sim_cont_sim_file_record_number,sim_cont_sim_cycle_date,primary_1_123"
S,EEU,P,G,USTJ,RW08,07874,0750,N58033035,E068194224,+0000,00158,0000,50,148,,,S,Simulation application continuation,,,,99841,2506,SEEUP USTJUSGRW08    1078740750 N58033035E068194224+0000          00158000050148      0000                                 ,SEEUP USTJUSGRW08    2S                            08999Y        L00158                                                    ,5,"rwy_grad_pct100,sim_cont_sim_file_record_number,sim_cont_sim_cycle_date,primary_1_123,sim_cont_1_123"
S,EEU,P,G,USTJ,RW26,07874,2550,N58033034,E068220859,+0000,00158,0000,53,148,ISE,,S,Simulation application continuation,,,,99843,2506,SEEUP USTJUSGRW26    1078742550 N58033034E068220859+0000          00158000053148 ISE  0000                                 ,SEEUP USTJUSGRW26    2S                            27003Y        T00158                                                    ,4,"rwy_grad_pct100,sim_cont_sim_file_record_number,sim_cont_sim_cycle_date,primary_1_123"
S,EEU,P,G,UTDK,RW01,10049,0120,N37582898,E069480236,,02149,0000,58,148,ICG,,S,Simulation application continuation,,,,03849,2506,SEEUP UTDKUTGRW01    1100490120 N37582898E069480236               02149000058148 ICG  0000                                 ,SEEUP UTDKUTGRW01    2S                            01599Y        L02149                                                    ,10,"rwy_length_ft,rwy_mag_brg_tenths,lat_raw,lon_raw,lthr_elev_ft,tch_raw,sim_cont_sim_file_record_number,sim_cont_sim_cycle_date,primary_1_123,sim_cont_1_123"
S,EEU,P,G,UTDK,RW19,10049,1920,N38000449,E069483696,,02296,0000,50,148,,,S,Simulation application continuation,,,,03851,2506,SEEUP UTDKUTGRW19    1100491920 N38000449E069483696               02296000050148      0000                                 ,SEEUP UTDKUTGRW19    2S                            19600Y        L02296                                                    ,9,"rwy_length_ft,rwy_mag_brg_tenths,lat_raw,lon_raw,lthr_elev_ft,sim_cont_sim_file_record_number,sim_cont_sim_cycle_date,primary_1_123,sim_cont_1_123"
S,EEU,P,G,UTDL,RW08,10433,0770,N40124848,E069403655,,01450,0000,50,164,IHD,,S,Simulation application continuation,,,,04130,2505,SEEUP UTDLUTGRW08    1104330770 N40124848E069403655               01450000050164 IHD  0000                                 ,SEEUP UTDLUTGRW08    2S                            08235Y        L01450                                                    ,4,"rwy_grad_pct100,sim_cont_sim_file_record_number,sim_cont_sim_cycle_date,primary_1_123"
S,EEU,P,G,UTDL,RW26,10433,2570,N40130110,E069423761,,01401,0958,51,164,IHV,,S,Simulation application continuation,,,,04132,2505,SEEUP UTDLUTGRW26    1104332570 N40130110E069423761               01401095851164 IHV  0000                                 ,SEEUP UTDLUTGRW26    2S                            26235Y        L01401                                                    ,4,"rwy_grad_pct100,sim_cont_sim_file_record_number,sim_cont_sim_cycle_date,primary_1_123"
S,EEU,P,G,UTDT,RW17,08038,1660,N37524024,E068514306,,01473,0000,50,138,,,S,Simulation application continuation,,,,04315,2507,SEEUP UTDTUTGRW17    1080381660 N37524024E068514306               01473000050138      0000                                 ,SEEUP UTDTUTGRW17    2S                            16992Y        L01473                                                    ,5,"lat_raw,lon_raw,sim_cont_sim_file_record_number,sim_cont_sim_cycle_date,primary_1_123"
S,EEU,P,G,UTDT,RW35,08038,3460,N37512492,E068515994,,01476,0246,49,138,,,S,Simulation application continuation,,,,04317,2507,SEEUP UTDTUTGRW35    1080383460 N37512492E068515994               01476024649138      0000                                 ,SEEUP UTDTUTGRW35    2S                            34992Y        L01476                                                    ,6,"lat_raw,lon_raw,tch_raw,sim_cont_sim_file_record_number,sim_cont_sim_cycle_date,primary_1_123"
S,EEU,P,G,UUBC,RW13,07218,1330,N54332340,E036214043,,00666,0000,50,148,G13A,,S,Simulation application continuation,,,,04679,2504,SEEUP UUBCUUGRW13    1072181330 N54332340E036214043               00666000050148 G13A 0000                                 ,SEEUP UUBCUUGRW13    2S                            14387Y        T00666                                                    ,4,"rwy_mag_brg_tenths,sim_cont_sim_file_record_number,sim_cont_sim_cycle_date,primary_1_123"
S,EEU,P,G,UUBC,RW31,07218,3130,N54322593,E036225257,,00620,0000,51,148,IGC,,S,Simulation application continuation,,,,04681,2504,SEEUP UUBCUUGRW31    1072183130 N54322593E036225257               00620000051148 IGC  0000                                 ,SEEUP UUBCUUGRW31    2S                            32389Y        T00637                                                    ,5,"rwy_mag_brg_tenths,sim_cont_sim_file_record_number,sim_cont_sim_cycle_date,primary_1_123,sim_cont_1_123"
S,EEU,P,G,UWOO,RW26,08202,2590,N51474491,E055282911,,00384,0000,57,138,ILM,,S,Simulation application continuation,,,,18326,2506,SEEUP UWOOUWGRW26    1082022590 N51474491E055282911               00384000057138 ILM  0000                                 ,SEEUP UWOOUWGRW26    2S                            26953Y        T00387                                                    ,4,"tch_raw,sim_cont_sim_file_record_number,sim_cont_sim_cycle_date,primary_1_123"
S,EEU,P,G,ZGGG,RW02L,12467,0170,N23223232,E113181919,,00045,0000,53,197,IBB,,S,Simulation application continuation,,,,33714,2508,SEEUP ZGGGZGGRW02L   1124670170 N23223232E113181919               00045000053197 IBB  0000                                 ,SEEUP ZGGGZGGRW02L   2S                            01400Y        T00047                                                    ,4,"tch_raw,sim_cont_sim_file_record_number,sim_cont_sim_cycle_date,primary_1_123"
S,EEU,P,G,ZKWS,RW15L,11483,1570,N39104275,E127283809,,00008,0000,55,197,IKM,,S,Simulation application continuation,,,,41543,2504,SEEUP ZKWSZKGRW15L   1114831570 N39104275E127283809               00008000055197 IKM  0000                                 ,SEEUP ZKWSZKGRW15L   2S                            14734Y        L00008                                                    ,5,"lthr_elev_ft,sim_cont_sim_file_record_number,sim_cont_sim_cycle_date,primary_1_123,sim_cont_1_123"
S,EEU,P,G,ZKWS,RW33R,11483,3370,N39090716,E127295679,,00008,0000,50,197,,,S,Simulation application continuation,,,,41549,2504,SEEUP ZKWSZKGRW33R   1114833370 N39090716E127295679               00008000050197      0000                                 ,SEEUP ZKWSZKGRW33R   2S                            32734Y        L00008                                                    ,5,"lthr_elev_ft,sim_cont_sim_file_record_number,sim_cont_sim_cycle_date,primary_1_123,sim_cont_1_123"
S,EEU,P,G,ZL02,RW14,09843,1380,N39521431,E098192846,,05117,0000,50,148,,,S,Simulation application continuation,,,,41557,2505,SEEUP ZL02ZLGRW14    1098431380 N39521431E098192846               05117000050148      0000                                 ,SEEUP ZL02ZLGRW14    2S                            13660Y        L05117                                                    ,6,"rwy_mag_brg_tenths,lthr_elev_ft,sim_cont_sim_file_record_number,sim_cont_sim_cycle_date,primary_1_123,sim_cont_1_123"
S,EEU,P,G,ZL02,RW32,09843,3180,N39510434,E098205614,,05090,0000,50,148,,,S,Simulation application continuation,,,,41559,2505,SEEUP ZL02ZLGRW32    1098433180 N39510434E098205614               05090000050148      0000                                 ,SEEUP ZL02ZLGRW32    2S                            31660Y        L05090                                                    ,5,"rwy_mag_brg_tenths,sim_cont_sim_file_record_number,sim_cont_sim_cycle_date,primary_1_123,sim_cont_1_123"
S,EEU,P,G,ZMDZ,RW11,07218,1070,N43364024,E104211546,,04790,0000,50,098,,,S,Simulation application continuation,,,,44271,2509,SEEUP ZMDZZMGRW11    1072181070 N43364024E104211546               04790000050098      0000                                 ,SEEUP ZMDZZMGRW11    2S                            10344Y        L04790                                                    ,6,"lon_raw,lthr_elev_ft,sim_cont_sim_file_record_number,sim_cont_sim_cycle_date,primary_1_123,sim_cont_1_123"
S,EEU,P,G,ZMDZ,RW29,07218,2870,N43362366,E104225091,,04767,0000,50,098,,,S,Simulation application continuation,,,,44273,2509,SEEUP ZMDZZMGRW29    1072182870 N43362366E104225091               04767000050098      0000                                 ,SEEUP ZMDZZMGRW29    2S                            28346Y        L04767                                                    ,5,"lon_raw,rwy_grad_pct100,sim_cont_sim_file_record_number,sim_cont_sim_cycle_date,primary_1_123"
S,EEU,P,G,ZSWZ,RW03,10499,0340,N27534476,E120504018,+0000,00017,0000,49,148,IKN,,S,Simulation application continuation,,,,55610,2507,SEEUP ZSWZZSGRW03    1104990340 N27534476E120504018+0000          00017000049148 IKN  0000                                 ,SEEUP ZSWZZSGRW03    2S                            02822Y        T00017                                                    ,4,"rwy_mag_brg_tenths,sim_cont_sim_file_record_number,sim_cont_sim_cycle_date,primary_1_123"
S,EEU,P,G,ZSWZ,RW21,10499,2140,N27551638,E120513553,+0000,00017,0000,49,148,IWZ,,S,Simulation application continuation,,,,55612,2507,SEEUP ZSWZZSGRW21    1104992140 N27551638E120513553+0000          00017000049148 IWZ  0000                                 ,SEEUP ZSWZZSGRW21    2S                            20822Y        T00017                                                    ,4,"rwy_mag_brg_tenths,sim_cont_sim_file_record_number,sim_cont_sim_cycle_date,primary_1_123"
S,EEU,P,G,ZUXC,RW18,11811,1790,N28001861,E102110131,,05115,0000,50,164,,,S,Simulation application continuation,,,,60960,2506,SEEUP ZUXCZUGRW18    1118111790 N28001861E102110131               05115000050164      0000                                 ,SEEUP ZUXCZUGRW18    2S                            17797Y        L05115                                                    ,3,"sim_cont_sim_file_record_number,sim_cont_sim_cycle_date,sim_cont_1_123"
S,EEU,P,G,ZUXC,RW36,11811,3590,N27582174,E102110574,,05074,0000,49,164,IGO,,S,Simulation application continuation,,,,60962,2506,SEEUP ZUXCZUGRW36    1118113590 N27582174E102110574               05074000049164 IGO  0000                                 ,SEEUP ZUXCZUGRW36    2S                            35797Y        L05074                                                    ,3,"sim_cont_sim_file_record_number,sim_cont_sim_cycle_date,sim_cont_1_123"
S,EEU,P,G,ZYCC,RW06,10499,0600,N43591299,E125401233,,00706,0000,49,148,IDD,,S,Simulation application continuation,,,,62343,2507,SEEUP ZYCCZYGRW06    1104990600 N43591299E125401233               00706000049148 IDD  0000                                 ,SEEUP ZYCCZYGRW06    2S                            04900Y        L00706                                                    ,4,"rwy_mag_brg_tenths,sim_cont_sim_file_record_number,sim_cont_sim_cycle_date,primary_1_123"
S,EEU,P,G,ZYCC,RW24,10499,2400,N44002056,E125420124,,00646,0000,54,148,IPP,,S,Simulation application continuation,,,,62345,2507,SEEUP ZYCCZYGRW24    1104992400 N44002056E125420124               00646000054148 IPP  0000                                 ,SEEUP ZYCCZYGRW24    2S                            22900Y        T00648                                                    ,4,"rwy_mag_brg_tenths,sim_cont_sim_file_record_number,sim_cont_sim_cycle_date,primary_1_123"
S,EEU,P,G,ZYTL,RW10,10827,1030,N38580103,E121311864,,00106,0656,59,148,IZF,,S,Simulation application continuation,,,,64371,2509,SEEUP ZYTLZYGRW10    1108271030 N38580103E121311864               00106065659148 IZF  0000                                 ,SEEUP ZYTLZYGRW10    2S                            09600Y        T00104                                                    ,3,"sim_cont_sim_file_record_number,sim_cont_sim_cycle_date,primary_1_123"
S,EEU,P,G,ZYTL,RW28,10827,2830,N38575215,E121331445,,00089,0984,49,148,IKD,,S,Simulation application continuation,,,,64373,2509,SEEUP ZYTLZYGRW28    1108272830 N38575215E121331445               00089098449148 IKD  0000                                 ,SEEUP ZYTLZYGRW28    2S                            27600Y        T00093                                                    ,3,"sim_cont_sim_file_record_number,sim_cont_sim_cycle_date,primary_1_123"
