record_type,area_code,sec,subsection_code,airport_icao,icao_code,sub,ils_ident,navaid_icao_code,vor_frequency,navaid_class,vor_latitude,vor_longitude,dme_ident,dme_latitude,dme_longitude,station_declination,dme_elevation,figure_of_merit,ils_dme_bias,frequency_protection,datum_code,vor_name,sim_cont_appl_code,sim_cont_appl_label,sim_cont_sim_facility_characteristics,sim_cont_sim_magnetic_variation,sim_cont_sim_facility_elevation,sim_cont_sim_file_record_number,sim_cont_sim_cycle_date,primary_1_123,sim_cont_1_123,changed_field_count,changed_fields
S,EEU,D,,EEEI,EE,,IAM,EE,10870,IT N,,,IAM,N59152650,E024110860,,00100,0,,001,WGE,AMARI,S,Simulation application continuation,UN,E0097,00100,73043,2102,SEEUD EEEIEE IAM   EE110870 IT N                   IAM N59152650E024110860     001000  001WGEAMARI                         ,SEEUD EEEIEE IAM   EE2S    UN                                             E009700100                                       ,3,"sim_cont_sim_magnetic_variation,sim_cont_sim_file_record_number,sim_cont_1_123"
S,EEU,D,,EETN,EE,,IIB,EE,10830,ITDN,,,IIB,N59244500,E024485680,,00200,0,02,215,WGE,LENNART MERI,S,Simulation application continuation,UN,E0100,00200,73049,2103,SEEUD EETNEE IIB   EE110830 ITDN                   IIB N59244500E024485680     00200002215WGELENNART MERI                  ,SEEUD EETNEE IIB   EE2S    UN                                             E010000200                                       ,3,"sim_cont_sim_magnetic_variation,sim_cont_sim_file_record_number,sim_cont_1_123"
S,EEU,D,,EETN,EE,,ILK,EE,10930,ITDN,,,ILK,N59244360,E024514040,,00200,0,02,263,WGE,LENNART MERI,S,Simulation application continuation,UN,E0100,00200,73051,2504,SEEUD EETNEE ILK   EE110930 ITDN                   ILK N59244360E024514040     00200002263WGELENNART MERI                  ,SEEUD EETNEE ILK   EE2S    UN                                             E010000200                                       ,7,"navaid_class,ils_dme_bias,sim_cont_sim_magnetic_variation,sim_cont_sim_file_record_number,sim_cont_sim_cycle_date,primary_1_123,sim_cont_1_123"
S,EEU,D,,EETU,EE,,IUM,EE,10850,ITDN,,,IUM,N58182370,E026415110,,00300,0,02,320,WGE,TARTU,S,Simulation application continuation,UN,E0102,00300,73053,1913,SEEUD EETUEE IUM   EE110850 ITDN                   IUM N58182370E026415110     00300002320WGETARTU                         ,SEEUD EETUEE IUM   EE2S    UN                                             E010200300                                       ,3,"sim_cont_sim_magnetic_variation,sim_cont_sim_file_record_number,sim_cont_1_123"
S,EEU,D,,EPCE,EP,,ICE,EP,11130,IT N,,,ICE,N54250170,E017463840,,00506,0,,154,WGE,CEWICE,S,Simulation application continuation,UN,E0065,00506,73057,2503,SEEUD EPCEEP ICE   EP111130 IT N                   ICE N54250170E017463840     005060  154WGECEWICE                        ,SEEUD EPCEEP ICE   EP2S    UN                                             E006500506                                       ,3,"sim_cont_sim_magnetic_variation,sim_cont_sim_file_record_number,sim_cont_1_123"
S,EEU,D,,EPDE,EP,,IDN,EP,10910,IT N,,,IDN,N51325210,E021541620,,00400,0,,171,WGE,DEBLIN,S,Simulation application continuation,UU,E0070,00400,73059,2406,SEEUD EPDEEP IDN   EP110910 IT N                   IDN N51325210E021541620     004000  171WGEDEBLIN                        ,SEEUD EPDEEP IDN   EP2S    UU                                             E007000400                                       ,3,"sim_cont_sim_magnetic_variation,sim_cont_sim_file_record_number,sim_cont_1_123"
S,EEU,D,,EPGD,EP,,IGDA,EP,11030,IT N,,,IGDA,N54221780,E018290830,,00500,0,,079,WGE,LECH WALESA,S,Simulation application continuation,UN,E0067,00500,73061,2406,SEEUD EPGDEP IGDA  EP111030 IT N                   IGDAN54221780E018290830     005000  079WGELECH WALESA                   ,SEEUD EPGDEP IGDA  EP2S    UN                                             E006700500                                       ,3,"sim_cont_sim_magnetic_variation,sim_cont_sim_file_record_number,sim_cont_1_123"
S,EEU,D,,EPKS,EP,,IKS,EP,11190,IT N,,,IKS,N52194490,E016584450,,00274,0,,231,WGE,KRZESINY,S,Simulation application continuation,UN,E0060,00274,73065,2105,SEEUD EPKSEP IKS   EP111190 IT N                   IKS N52194490E016584450     002740  231WGEKRZESINY                      ,SEEUD EPKSEP IKS   EP2S    UN                                             E006000274                                       ,3,"sim_cont_sim_magnetic_variation,sim_cont_sim_file_record_number,sim_cont_1_123"
S,EEU,D,,EPKT,EP,,IKTO,EP,10990,IT N,,,IKTO,N50283740,E019054280,,01000,0,,123,WGE,PYRZOWICE,S,Simulation application continuation,UU,E0062,01000,73067,2406,SEEUD EPKTEP IKTO  EP110990 IT N                   IKTON50283740E019054280     010000  123WGEPYRZOWICE                     ,SEEUD EPKTEP IKTO  EP2S    UU                                             E006201000                                       ,3,"sim_cont_sim_magnetic_variation,sim_cont_sim_file_record_number,sim_cont_1_123"
S,EEU,D,,EPLB,EP,,ISWI,EP,11195,IT N,,,ISWI,N51143530,E022433430,,00700,0,,,WGE,LUBLIN,S,Simulation application continuation,UN,E0071,00700,73069,2406,SEEUD EPLBEP ISWI  EP111195 IT N                   ISWIN51143530E022433430     007000     WGELUBLIN                        ,SEEUD EPLBEP ISWI  EP2S    UN                                             E007100700                                       ,3,"sim_cont_sim_magnetic_variation,sim_cont_sim_file_record_number,sim_cont_1_123"
S,EEU,D,,EPLK,EP,,IAS,EP,11090,IT N,,,IAS,N51324840,E019115300,,00631,0,,158,WGE,LASK,S,Simulation application continuation,UU,E0064,00631,73071,1911,SEEUD EPLKEP IAS   EP111090 IT N                   IAS N51324840E019115300     006310  158WGELASK                          ,SEEUD EPLKEP IAS   EP2S    UU                                             E006400631                                       ,3,"sim_cont_sim_magnetic_variation,sim_cont_sim_file_record_number,sim_cont_1_123"
S,EEU,D,,EPMB,EP,,IMB,EP,11050,IT N,,,IMB,N54013720,E019085910,,00018,0,,139,WGE,MALBORK,S,Simulation application continuation,UN,E0068,00018,73075,2401,SEEUD EPMBEP IMB   EP111050 IT N                   IMB N54013720E019085910     000180  139WGEMALBORK                       ,SEEUD EPMBEP IMB   EP2S    UN                                             E006800018                                       ,3,"sim_cont_sim_magnetic_variation,sim_cont_sim_file_record_number,sim_cont_1_123"
S,EEU,D,,EPMI,EP,,IMI,EP,11090,IT N,,,IMI,N53232250,E016053300,,00600,0,,158,WGE,MIROSLAWIEC,S,Simulation application continuation,UU,E0059,00600,73077,2406,SEEUD EPMIEP IMI   EP111090 IT N                   IMI N53232250E016053300     006000  158WGEMIROSLAWIEC                   ,SEEUD EPMIEP IMI   EP2S    UU                                             E005900600                                       ,3,"sim_cont_sim_magnetic_variation,sim_cont_sim_file_record_number,sim_cont_1_123"
S,EEU,D,,EPMM,EP,,IMM,EP,11130,IT N,,,IMM,N52113970,E021400800,,00600,0,,193,WGE,MINSK MAZOWIECKI,S,Simulation application continuation,UU,E0071,00600,73079,2406,SEEUD EPMMEP IMM   EP111130 IT N                   IMM N52113970E021400800     006000  193WGEMINSK MAZOWIECKI              ,SEEUD EPMMEP IMM   EP2S    UU                                             E007100600                                       ,3,"sim_cont_sim_magnetic_variation,sim_cont_sim_file_record_number,sim_cont_1_123"
S,EEU,D,,EPMO,EP,,IMDX,EP,10830,IT N,,,IMDX,N52265580,E020382010,,00300,0,,229,WGE,MODLIN,S,Simulation application continuation,UU,E0069,00300,73081,2406,SEEUD EPMOEP IMDX  EP110830 IT N                   IMDXN52265580E020382010     003000  229WGEMODLIN                        ,SEEUD EPMOEP IMDX  EP2S    UU                                             E006900300                                       ,3,"sim_cont_sim_magnetic_variation,sim_cont_sim_file_record_number,sim_cont_1_123"
S,EEU,D,,EPPW,EP,,IPDZ,EP,10815,IT N,,,IPDZ,N52230220,E017495760,,00400,0,,191,WGE,POWIDZ,S,Simulation application continuation,UN,E0062,00400,73087,2406,SEEUD EPPWEP IPDZ  EP110815 IT N                   IPDZN52230220E017495760     004000  191WGEPOWIDZ                        ,SEEUD EPPWEP IPDZ  EP2S    UN                                             E006200400                                       ,3,"sim_cont_sim_magnetic_variation,sim_cont_sim_file_record_number,sim_cont_1_123"
S,EEU,D,,EPPW,EP,,IPW,EP,11110,IT N,,,IPW,N52223450,E017522220,,00400,0,,268,WGE,POWIDZ,S,Simulation application continuation,UN,E0062,00400,73089,2406,SEEUD EPPWEP IPW   EP111110 IT N                   IPW N52223450E017522220     004000  268WGEPOWIDZ                        ,SEEUD EPPWEP IPW   EP2S    UN                                             E006200400                                       ,3,"sim_cont_sim_magnetic_variation,sim_cont_sim_file_record_number,sim_cont_1_123"
S,EEU,D,,EPRA,EP,,IRDM,EP,11035,IT N,,,IRDM,N51232620,E021134420,,00600,0,,282,WGE,RADOM,S,Simulation application continuation,UN,E0068,00600,73091,2406,SEEUD EPRAEP IRDM  EP111035 IT N                   IRDMN51232620E021134420     006000  282WGERADOM                         ,SEEUD EPRAEP IRDM  EP2S    UN                                             E006800600                                       ,3,"sim_cont_sim_magnetic_variation,sim_cont_sim_file_record_number,sim_cont_1_123"
S,EEU,D,,EPSC,EP,,SZC,EP,11050,IT N,,,SZC,N53344190,E014544180,,00200,0,,145,WGE,GOLENIOW,S,Simulation application continuation,UN,E0056,00200,73095,2406,SEEUD EPSCEP SZC   EP111050 IT N                   SZC N53344190E014544180     002000  145WGEGOLENIOW                      ,SEEUD EPSCEP SZC   EP2S    UN                                             E005600200                                       ,3,"sim_cont_sim_magnetic_variation,sim_cont_sim_file_record_number,sim_cont_1_123"
S,EEU,D,,EPSN,EP,,ISN,EP,11155,IT N,,,ISN,N53471940,E015502360,,00400,0,,241,WGE,SWIDWIN,S,Simulation application continuation,UN,E0059,00400,73097,2406,SEEUD EPSNEP ISN   EP111155 IT N                   ISN N53471940E015502360     004000  241WGESWIDWIN                       ,SEEUD EPSNEP ISN   EP2S    UN                                             E005900400                                       ,3,"sim_cont_sim_magnetic_variation,sim_cont_sim_file_record_number,sim_cont_1_123"
S,EEU,D,,EPSY,EP,,SZY,EP,10810,IT N,,,SZY,N53282770,E020555370,,00500,0,,231,WGE,OLSZTYN-MAZURY,S,Simulation application continuation,UN,E0072,00500,73099,2406,SEEUD EPSYEP SZY   EP110810 IT N                   SZY N53282770E020555370     005000  231WGEOLSZTYN-MAZURY                ,SEEUD EPSYEP SZY   EP2S    UN                                             E007200500                                       ,3,"sim_cont_sim_magnetic_variation,sim_cont_sim_file_record_number,sim_cont_1_123"
S,EEU,D,,EPWA,EP,,WA,EP,11030,IT N,,,WA,N52092440,E020582270,,00400,0,,129,WGE,CHOPIN,S,Simulation application continuation,UN,E0069,00400,73101,2406,SEEUD EPWAEP WA    EP111030 IT N                   WA  N52092440E020582270     004000  129WGECHOPIN                        ,SEEUD EPWAEP WA    EP2S    UN                                             E006900400                                       ,3,"sim_cont_sim_magnetic_variation,sim_cont_sim_file_record_number,sim_cont_1_123"
S,EEU,D,,EPWA,EP,,WAS,EP,10990,IT N,,,WAS,N52101620,E020570590,,00400,0,,123,WGE,CHOPIN,S,Simulation application continuation,UN,E0069,00400,73103,2406,SEEUD EPWAEP WAS   EP110990 IT N                   WAS N52101620E020570590     004000  123WGECHOPIN                        ,SEEUD EPWAEP WAS   EP2S    UN                                             E006900400                                       ,3,"sim_cont_sim_magnetic_variation,sim_cont_sim_file_record_number,sim_cont_1_123"
S,EEU,D,,EPWR,EP,,WRO,EP,11030,IT N,,,WRO,N51055620,E016533510,,00400,0,,079,WGE,STRACHOWICE,S,Simulation application continuation,UN,E0058,00400,73105,2406,SEEUD EPWREP WRO   EP111030 IT N                   WRO N51055620E016533510     004000  079WGESTRACHOWICE                   ,SEEUD EPWREP WRO   EP2S    UN                                             E005800400                                       ,3,"sim_cont_sim_magnetic_variation,sim_cont_sim_file_record_number,sim_cont_1_123"
S,EEU,D,,EVGA,EV,,LDE,EV,11150,IT N,,,LDE,N56471450,E024511380,,00200,0,,212,WGE,LIELVARDE,S,Simulation application continuation,UU,E0091,00200,73109,2109,SEEUD EVGAEV LDE   EV111150 IT N                   LDE N56471450E024511380     002000  212WGELIELVARDE                     ,SEEUD EVGAEV LDE   EV2S    UU                                             E009100200                                       ,3,"sim_cont_sim_magnetic_variation,sim_cont_sim_file_record_number,sim_cont_1_123"
S,EEU,D,,EVRA,EV,,IRP,EV,10810,ITDN,,,IRP,N56543320,E023580060,,00100,0,02,231,WGE,RIGA,S,Simulation application continuation,UU,E0089,00100,73113,1503,SEEUD EVRAEV IRP   EV110810 ITDN                   IRP N56543320E023580060     00100002231WGERIGA                          ,SEEUD EVRAEV IRP   EV2S    UU                                             E008900100                                       ,3,"sim_cont_sim_magnetic_variation,sim_cont_sim_file_record_number,sim_cont_1_123"
S,EEU,D,,EVRA,EV,,IRV,EV,11110,ITDN,,,IRV,N56555630,E023581430,,00100,0,02,267,WGE,RIGA,S,Simulation application continuation,UU,E0089,00100,73115,1503,SEEUD EVRAEV IRV   EV111110 ITDN                   IRV N56555630E023581430     00100002267WGERIGA                          ,SEEUD EVRAEV IRV   EV2S    UU                                             E008900100                                       ,3,"sim_cont_sim_magnetic_variation,sim_cont_sim_file_record_number,sim_cont_1_123"
S,EEU,D,,EYKA,EY,,ISE,EY,10990,ITDN,,,ISE,N54574900,E024060010,,00300,0,02,202,WGE,KAUNAS INTL,S,Simulation application continuation,UN,E0084,00300,73119,2106,SEEUD EYKAEY ISE   EY110990 ITDN                   ISE N54574900E024060010     00300002202WGEKAUNAS INTL                   ,SEEUD EYKAEY ISE   EY2S    UN                                             E008400300                                       ,3,"sim_cont_sim_magnetic_variation,sim_cont_sim_file_record_number,sim_cont_1_123"
S,EEU,D,,EYPA,EY,,IAN,EY,11010,IT N,,,IAN,N55584380,E021055370,,00100,0,,232,WGE,PALANGA INTL,S,Simulation application continuation,UN,E0078,00100,73121,1512,SEEUD EYPAEY IAN   EY111010 IT N                   IAN N55584380E021055370     001000  232WGEPALANGA INTL                  ,SEEUD EYPAEY IAN   EY2S    UN                                             E007800100                                       ,3,"sim_cont_sim_magnetic_variation,sim_cont_sim_file_record_number,sim_cont_1_123"
S,EEU,D,,EYVI,EY,,IAV,EY,11050,ITDN,,,IAV,N54373370,E025165580,,00600,0,02,217,WGE,VILNIUS INTL,S,Simulation application continuation,UU,E0086,00600,73127,1609,SEEUD EYVIEY IAV   EY111050 ITDN                   IAV N54373370E025165580     00600002217WGEVILNIUS INTL                  ,SEEUD EYVIEY IAV   EY2S    UU                                             E008600600                                       ,3,"sim_cont_sim_magnetic_variation,sim_cont_sim_file_record_number,sim_cont_1_123"
S,EEU,D,,EYVI,EY,,IBK,EY,10910,ITDN,,,IBK,N54382900,E025173420,,00700,0,02,222,WGE,VILNIUS INTL,S,Simulation application continuation,UU,E0086,00700,73129,1609,SEEUD EYVIEY IBK   EY110910 ITDN                   IBK N54382900E025173420     00700002222WGEVILNIUS INTL                  ,SEEUD EYVIEY IBK   EY2S    UU                                             E008600700                                       ,3,"sim_cont_sim_magnetic_variation,sim_cont_sim_file_record_number,sim_cont_1_123"
S,EEU,D,,LBSF,LB,,ISF,LB,10950,ITDN,,,ISF,N42414710,E023260890,,01800,0,02,132,WGE,VASIL LEVSKI - SOFIA,S,Simulation application continuation,UU,E0057,01800,73135,2505,SEEUD LBSFLB ISF   LB110950 ITDN                   ISF N42414710E023260890     01800002132WGEVASIL LEVSKI - SOFIA          ,SEEUD LBSFLB ISF   LB2S    UU                                             E005701800                                       ,6,"vor_name,sim_cont_sim_magnetic_variation,sim_cont_sim_file_record_number,sim_cont_sim_cycle_date,primary_1_123,sim_cont_1_123"
S,EEU,D,,LBSF,LB,,ISL,LB,11070,IT N,,,ISL,N42415410,E023241300,,01800,0,,163,WGE,VASIL LEVSKI - SOFIA,S,Simulation application continuation,UU,E0057,01800,73137,2505,SEEUD LBSFLB ISL   LB111070 IT N                   ISL N42415410E023241300     018000  163WGEVASIL LEVSKI - SOFIA          ,SEEUD LBSFLB ISL   LB2S    UU                                             E005701800                                       ,6,"vor_name,sim_cont_sim_magnetic_variation,sim_cont_sim_file_record_number,sim_cont_sim_cycle_date,primary_1_123,sim_cont_1_123"
S,EEU,D,,LBWN,LB,,IWN,LB,10990,ITDN,,,IWN,N43140280,E027484750,,00200,0,02,148,WGE,VARNA,S,Simulation application continuation,UN,E0063,00200,73139,2007,SEEUD LBWNLB IWN   LB110990 ITDN                   IWN N43140280E027484750     00200002148WGEVARNA                         ,SEEUD LBWNLB IWN   LB2S    UN                                             E006300200                                       ,3,"frequency_protection,sim_cont_sim_file_record_number,primary_1_123"
S,EEU,D,,LHPA,LH,,PCD,LH,11035,IT N,,,PCD,N47212180,E017301010,,00486,0,,282,WGE,PAPA,S,Simulation application continuation,UN,E0054,00486,73155,2101,SEEUD LHPALH PCD   LH111035 IT N                   PCD N47212180E017301010     004860  282WGEPAPA                          ,SEEUD LHPALH PCD   LH2S    UN                                             E005400486                                       ,3,"sim_cont_sim_magnetic_variation,sim_cont_sim_file_record_number,sim_cont_1_123"
S,EEU,D,,LHPA,LH,,PCN,LH,10855,IT N,,,PCN,N47221910,E017295350,,00476,0,,243,WGE,PAPA,S,Simulation application continuation,UN,E0054,00476,73157,2102,SEEUD LHPALH PCN   LH110855 IT N                   PCN N47221910E017295350     004760  243WGEPAPA                          ,SEEUD LHPALH PCN   LH2S    UN                                             E005400476                                       ,3,"sim_cont_sim_magnetic_variation,sim_cont_sim_file_record_number,sim_cont_1_123"
S,EEU,D,,LHPR,LH,,GPR,LH,11135,IT N,,,GPR,N47372780,E017484390,,00482,0,,114,WGE,GYOR-PER,S,Simulation application continuation,UU,E0055,00482,73161,1407,SEEUD LHPRLH GPR   LH111135 IT N                   GPR N47372780E017484390     004820  114WGEGYOR-PER                      ,SEEUD LHPRLH GPR   LH2S    UU                                             E005500482                                       ,3,"sim_cont_sim_magnetic_variation,sim_cont_sim_file_record_number,sim_cont_1_123"
S,EEU,D,,LHSN,LH,,SZN,LH,10955,IT N,,,SZN,N47074420,E020141460,,00315,0,,159,WGE,SZOLNOK,S,Simulation application continuation,UN,E0059,00315,73165,2404,SEEUD LHSNLH SZN   LH110955 IT N                   SZN N47074420E020141460     003150  159WGESZOLNOK                       ,SEEUD LHSNLH SZN   LH2S    UN                                             E005900315                                       ,3,"sim_cont_sim_magnetic_variation,sim_cont_sim_file_record_number,sim_cont_1_123"
S,EEU,D,,LKCS,LK,,BW,LK,11050,IT N,,,BW,N48564309,E014261315,,01420,0,,136,WGE,CESKE BUDEJOVICE,S,Simulation application continuation,UN,E0049,01420,73169,2510,SEEUD LKCSLK BW    LK111050 IT N                   BW  N48564309E014261315     014200  136WGECESKE BUDEJOVICE              ,SEEUD LKCSLK BW    LK2S    UN                                             E004901420                                       ,8,"dme_latitude,dme_longitude,dme_elevation,sim_cont_sim_facility_elevation,sim_cont_sim_file_record_number,sim_cont_sim_cycle_date,primary_1_123,sim_cont_1_123"
S,EEU,D,,LKCV,LK,,CF,LK,11175,IT N,,,CF,N49555761,E015232230,,00854,0,,266,WGE,CASLAV,S,Simulation application continuation,UU,E0053,00854,73171,2404,SEEUD LKCVLK CF    LK111175 IT N                   CF  N49555761E015232230     008540  266WGECASLAV                        ,SEEUD LKCVLK CF    LK2S    UU                                             E005300854                                       ,3,"sim_cont_sim_magnetic_variation,sim_cont_sim_file_record_number,sim_cont_1_123"
S,EEU,D,,LKKB,LK,,KD,LK,10835,IT N,,,KD,N50072410,E014331210,,00979,0,,267,WGE,KBELY,S,Simulation application continuation,UN,E0051,00979,73173,2403,SEEUD LKKBLK KD    LK110835 IT N                   KD  N50072410E014331210     009790  267WGEKBELY                         ,SEEUD LKKBLK KD    LK2S    UN                                             E005100979                                       ,3,"sim_cont_sim_magnetic_variation,sim_cont_sim_file_record_number,sim_cont_1_123"
S,EEU,D,,LKKV,LK,,KVY,LK,11155,IT N,,,KVY,N50120439,E012553343,,02038,0,,167,WGE,KARLOVY VARY,S,Simulation application continuation,UU,E0047,02038,73175,2501,SEEUD LKKVLK KVY   LK111155 IT N                   KVY N50120439E012553343     020380  167WGEKARLOVY VARY                  ,SEEUD LKKVLK KVY   LK2S    UU                                             E004702038                                       ,3,"sim_cont_sim_magnetic_variation,sim_cont_sim_file_record_number,sim_cont_1_123"
S,EEU,D,,LKPD,LK,,PK,LK,10935,IT N,,,PK,N50004294,E015450669,,00783,0,,193,WGE,PARDUBICE,S,Simulation application continuation,UN,E0053,00783,73181,2505,SEEUD LKPDLK PK    LK110935 IT N                   PK  N50004294E015450669     007830  193WGEPARDUBICE                     ,SEEUD LKPDLK PK    LK2S    UN                                             E005300783                                       ,5,"dme_latitude,dme_longitude,sim_cont_sim_file_record_number,sim_cont_sim_cycle_date,primary_1_123"
S,EEU,D,,LKPR,LK,,PA,LK,10995,IT N,,,PA,N50062003,E014145156,,01211,0,,287,WGE,RUZYNE,S,Simulation application continuation,UN,E0050,01211,73185,2107,SEEUD LKPRLK PA    LK110995 IT N                   PA  N50062003E014145156     012110  287WGERUZYNE                        ,SEEUD LKPRLK PA    LK2S    UN                                             E005001211                                       ,3,"sim_cont_sim_magnetic_variation,sim_cont_sim_file_record_number,sim_cont_1_123"
S,EEU,D,,LKPR,LK,,PH,LK,11115,IT N,,,PH,N50061526,E014134923,,01237,0,,218,WGE,RUZYNE,S,Simulation application continuation,UN,E0050,01237,73189,2211,SEEUD LKPRLK PH    LK111115 IT N                   PH  N50061526E014134923     012370  218WGERUZYNE                        ,SEEUD LKPRLK PH    LK2S    UN                                             E005001237                                       ,3,"sim_cont_sim_magnetic_variation,sim_cont_sim_file_record_number,sim_cont_1_123"
S,EEU,D,,LKVO,LK,,VO,LK,11075,IT N,,,VO,N50125771,E014243099,,01080,0,,266,WGE,VODOCHODY,S,Simulation application continuation,UN,E0051,01080,73195,1913,SEEUD LKVOLK VO    LK111075 IT N                   VO  N50125771E014243099     010800  266WGEVODOCHODY                     ,SEEUD LKVOLK VO    LK2S    UN                                             E005101080                                       ,3,"sim_cont_sim_magnetic_variation,sim_cont_sim_file_record_number,sim_cont_1_123"
S,EEU,D,,LRAR,LR,,IAD,LR,11070,IT N,,,IAD,N46103820,E021160670,,00400,0,,120,WGE,ARAD,S,Simulation application continuation,UU,E0059,00400,73197,1502,SEEUD LRARLR IAD   LR111070 IT N                   IAD N46103820E021160670     004000  120WGEARAD                          ,SEEUD LRARLR IAD   LR2S    UU                                             E005900400                                       ,3,"sim_cont_sim_magnetic_variation,sim_cont_sim_file_record_number,sim_cont_1_123"
S,EEU,D,,LRBC,LR,,IBC,LR,11070,IT N,,,IBC,N46304820,E026544280,,00700,0,,116,WGE,GEORGE ENESCU,S,Simulation application continuation,UN,E0068,00700,73199,2509,SEEUD LRBCLR IBC   LR111070 IT N                   IBC N46304820E026544280     007000  116WGEGEORGE ENESCU                 ,SEEUD LRBCLR IBC   LR2S    UN                                             E006800700                                       ,7,"dme_latitude,dme_longitude,sim_cont_sim_facility_characteristics,sim_cont_sim_file_record_number,sim_cont_sim_cycle_date,primary_1_123,sim_cont_1_123"
S,EEU,D,,LRBV,LR,,IBV,LR,11010,IT N,,,IBV,N45425420,E025315060,,01800,0,,123,WGE,BRASOV-GHIMBAV,S,Simulation application continuation,UN,E0065,01800,73207,2306,SEEUD LRBVLR IBV   LR111010 IT N                   IBV N45425420E025315060     018000  123WGEBRASOV-GHIMBAV                ,SEEUD LRBVLR IBV   LR2S    UN                                             E006501800                                       ,3,"sim_cont_sim_magnetic_variation,sim_cont_sim_file_record_number,sim_cont_1_123"
S,EEU,D,,LRCL,LR,,ICX,LR,11190,IT N,,,ICX,N46471760,E023413490,,01100,0,,413,WGE,AVRAM IANCU,S,Simulation application continuation,UU,E0064,01100,73211,1503,SEEUD LRCLLR ICX   LR111190 IT N                   ICX N46471760E023413490     011000  413WGEAVRAM IANCU                   ,SEEUD LRCLLR ICX   LR2S    UU                                             E006401100                                       ,3,"sim_cont_sim_magnetic_variation,sim_cont_sim_file_record_number,sim_cont_1_123"
S,EEU,D,,LRCV,LR,,ICV,LR,10870,IT N,,,ICV,N44190990,E023540130,,00600,0,,173,WGE,CRAIOVA,S,Simulation application continuation,UN,E0060,00600,73213,2404,SEEUD LRCVLR ICV   LR110870 IT N                   ICV N44190990E023540130     006000  173WGECRAIOVA                       ,SEEUD LRCVLR ICV   LR2S    UN                                             E006000600                                       ,3,"sim_cont_sim_magnetic_variation,sim_cont_sim_file_record_number,sim_cont_1_123"
S,EEU,D,,LRIA,LR,,IIS,LR,10910,IT N,,,IIS,N47110910,E027365020,,00500,0,,133,WGE,IASI,S,Simulation application continuation,UU,E0071,00500,73215,1501,SEEUD LRIALR IIS   LR110910 IT N                   IIS N47110910E027365020     005000  133WGEIASI                          ,SEEUD LRIALR IIS   LR2S    UU                                             E007100500                                       ,3,"sim_cont_sim_magnetic_variation,sim_cont_sim_file_record_number,sim_cont_1_123"
S,EEU,D,,LRSB,LR,,ISB,LR,11070,IT N,,,ISB,N45470430,E024055460,,01500,0,,112,WGE,SIBIU,S,Simulation application continuation,UN,E0063,01500,73227,1612,SEEUD LRSBLR ISB   LR111070 IT N                   ISB N45470430E024055460     015000  112WGESIBIU                         ,SEEUD LRSBLR ISB   LR2S    UN                                             E006301500                                       ,3,"sim_cont_sim_magnetic_variation,sim_cont_sim_file_record_number,sim_cont_1_123"
S,EEU,D,,LRTC,LR,,ITC,LR,11070,IT N,,,ITC,N45032350,E028430510,,00200,0,,114,WGE,DELTA DUNARII,S,Simulation application continuation,UN,E0068,00200,73233,1913,SEEUD LRTCLR ITC   LR111070 IT N                   ITC N45032350E028430510     002000  114WGEDELTA DUNARII                 ,SEEUD LRTCLR ITC   LR2S    UN                                             E006800200                                       ,3,"sim_cont_sim_magnetic_variation,sim_cont_sim_file_record_number,sim_cont_1_123"
S,EEU,D,,LZKZ,LZ,,KE,LZ,10950,IT N,,,KE,N48390860,E021140720,,00764,0,,101,WGE,KOSICE,S,Simulation application continuation,UN,E0063,00764,73249,2311,SEEUD LZKZLZ KE    LZ110950 IT N                   KE  N48390860E021140720     007640  101WGEKOSICE                        ,SEEUD LZKZLZ KE    LZ2S    UN                                             E006300764                                       ,3,"sim_cont_sim_magnetic_variation,sim_cont_sim_file_record_number,sim_cont_1_123"
S,EEU,D,,LZSL,LZ,,FS,LZ,10870,IT N,,,FS,N48374650,E019075440,,01032,0,,233,WGE,SLIAC,S,Simulation application continuation,UN,E0059,01032,73255,2310,SEEUD LZSLLZ FS    LZ110870 IT N                   FS  N48374650E019075440     010320  233WGESLIAC                         ,SEEUD LZSLLZ FS    LZ2S    UN                                             E005901032                                       ,3,"sim_cont_sim_magnetic_variation,sim_cont_sim_file_record_number,sim_cont_1_123"
S,EEU,D,,LZZI,LZ,,ZNA,LZ,10815,IT N,,,ZNA,N49135210,E018363600,,01066,0,,191,WGE,ZILINA,S,Simulation application continuation,UN,E0059,01066,73257,2210,SEEUD LZZILZ ZNA   LZ110815 IT N                   ZNA N49135210E018363600     010660  191WGEZILINA                        ,SEEUD LZZILZ ZNA   LZ2S    UN                                             E005901066                                       ,3,"sim_cont_sim_magnetic_variation,sim_cont_sim_file_record_number,sim_cont_1_123"
S,EEU,D,,UAAA,UA,,IAL,UA,10810,ITDN,,,IAL,N43213850,E077033590,,02300,0,02,462,WGE,ALMATY,S,Simulation application continuation,UU,E0052,02300,73261,1912,SEEUD UAAAUA IAL   UA110810 ITDN                   IAL N43213850E077033590     02300002462WGEALMATY                        ,SEEUD UAAAUA IAL   UA2S    UU                                             E005202300                                       ,3,"frequency_protection,sim_cont_sim_file_record_number,primary_1_123"
S,EEU,D,,UAAA,UA,,IMA,UA,10910,ITDN,,,IMA,N43205910,E077013870,,02200,0,02,359,WGE,ALMATY,S,Simulation application continuation,UU,E0052,02200,73265,1912,SEEUD UAAAUA IMA   UA110910 ITDN                   IMA N43205910E077013870     02200002359WGEALMATY                        ,SEEUD UAAAUA IMA   UA2S    UU                                             E005202200                                       ,3,"frequency_protection,sim_cont_sim_file_record_number,primary_1_123"
S,EEU,D,,UACC,UA,,IAK,UA,11170,ITDN,,,IAK,N51015100,E071285430,,01200,0,02,108,WGE,NURSULTAN NAZARBAYEV INTL,S,Simulation application continuation,UU,E0100,01200,73267,2212,SEEUD UACCUA IAK   UA111170 ITDN                   IAK N51015100E071285430     01200002108WGENURSULTAN NAZARBAYEV INTL     ,SEEUD UACCUA IAK   UA2S    UU                                             E010001200                                       ,3,"sim_cont_sim_magnetic_variation,sim_cont_sim_file_record_number,sim_cont_1_123"
S,EEU,D,,UADD,UA,,IMB,UA,10970,ITDN,,,IMB,N42514830,E071171950,,02200,0,02,151,WGE,AULIE-ATA,S,Simulation application continuation,UN,E0060,02200,73277,1912,SEEUD UADDUA IMB   UA110970 ITDN                   IMB N42514830E071171950     02200002151WGEAULIE-ATA                     ,SEEUD UADDUA IMB   UA2S    UN                                             E006002200                                       ,3,"frequency_protection,sim_cont_sim_file_record_number,primary_1_123"
S,EEU,D,,UAII,UA,,IEN,UA,11170,ITDN,,,IEN,N42220210,E069273130,,01300,0,02,067,WGE,SHYMKENT,S,Simulation application continuation,UU,E0061,01300,73281,1912,SEEUD UAIIUA IEN   UA111170 ITDN                   IEN N42220210E069273130     01300002067WGESHYMKENT                      ,SEEUD UAIIUA IEN   UA2S    UU                                             E006101300                                       ,3,"sim_cont_sim_magnetic_variation,sim_cont_sim_file_record_number,sim_cont_1_123"
S,EEU,D,,UASK,UA,,IUS,UA,11170,ITDN,,,IUS,N50023510,E082290660,,00900,0,02,354,WGE,UST-KAMENOGORSK,S,Simulation application continuation,UN,E0062,00900,73303,2509,SEEUD UASKUA IUS   UA111170 ITDN                   IUS N50023510E082290660     00900002354WGEUST-KAMENOGORSK               ,SEEUD UASKUA IUS   UA2S    UN                                             E006200900                                       ,5,"navaid_class,ils_dme_bias,sim_cont_sim_file_record_number,sim_cont_sim_cycle_date,primary_1_123"
S,EEU,D,,UBBB,UB,,IBA,UB,10930,IT N,,,IBA,N40273800,E050034220,,00100,0,,173,WGE,HEYDAR ALIYEV,S,Simulation application continuation,UN,E0065,00100,73325,1703,SEEUD UBBBUB IBA   UB110930 IT N                   IBA N40273800E050034220     001000  173WGEHEYDAR ALIYEV                 ,SEEUD UBBBUB IBA   UB2S    UN                                             E006500100                                       ,3,"frequency_protection,sim_cont_sim_file_record_number,primary_1_123"
S,EEU,D,,UBBB,UB,,IBI,UB,10950,IT N,,,IBI,N40291500,E050014690,,00010,0,,208,WGE,HEYDAR ALIYEV INTL,S,Simulation application continuation,UN,E0066,00010,73327,1505,SEEUD UBBBUB IBI   UB110950 IT N                   IBI N40291500E050014690     000100  208WGEHEYDAR ALIYEV INTL            ,SEEUD UBBBUB IBI   UB2S    UN                                             E006600010                                       ,3,"sim_cont_sim_magnetic_variation,sim_cont_sim_file_record_number,sim_cont_1_123"
S,EEU,D,,UBBY,UB,,IZK,UB,10910,IT N,,,IZK,N41325270,E046402350,,01300,0,,152,WGE,ZAGATALA,S,Simulation application continuation,UN,E0070,01300,73355,2404,SEEUD UBBYUB IZK   UB110910 IT N                   IZK N41325270E046402350     013000  152WGEZAGATALA                      ,SEEUD UBBYUB IZK   UB2S    UN                                             E007001300                                       ,3,"sim_cont_sim_magnetic_variation,sim_cont_sim_file_record_number,sim_cont_1_123"
S,EEU,D,,UECT,UE,,IDT,UE,11030,IT N,,,IDT,N59533410,E111023630,,01332,0,,123,WGE,TALAKAN,S,Simulation application continuation,UN,W0098,01332,73379,2310,SEEUD UECTUE IDT   UE111030 IT N                   IDT N59533410E111023630     013320  123WGETALAKAN                       ,SEEUD UECTUE IDT   UE2S    UN                                             W009801332                                       ,3,"sim_cont_sim_magnetic_variation,sim_cont_sim_file_record_number,sim_cont_1_123"
S,EEU,D,,UEEE,UE,,IMF,UE,11170,ITDN,,,IMF,N62061270,E129473890,,00325,0,02,,WGE,YAKUTSK,S,Simulation application continuation,UN,W0164,00325,73381,2407,SEEUD UEEEUE IMF   UE111170 ITDN                   IMF N62061270E129473890     00325002   WGEYAKUTSK                       ,SEEUD UEEEUE IMF   UE2S    UN                                             W016400325                                       ,3,"sim_cont_sim_magnetic_variation,sim_cont_sim_file_record_number,sim_cont_1_123"
S,EEU,D,,UERL,UE,,IIG,UE,11030,ITDN,,,IIG,N60433440,E114501740,,00810,0,02,123,WGE,LENSK,S,Simulation application continuation,UN,W0121,00810,73385,2402,SEEUD UERLUE IIG   UE111030 ITDN                   IIG N60433440E114501740     00810002123WGELENSK                         ,SEEUD UERLUE IIG   UE2S    UN                                             W012100810                                       ,3,"sim_cont_sim_magnetic_variation,sim_cont_sim_file_record_number,sim_cont_1_123"
S,EEU,D,,UHMA,UH,,IKB,UH,11030,ITDN,,,IKB,N64432110,E177435320,,00197,0,02,,WGE,UGOLNY,S,Simulation application continuation,UN,W0010,00197,73409,2401,SEEUD UHMAUH IKB   UH111030 ITDN                   IKB N64432110E177435320     00197002   WGEUGOLNY                        ,SEEUD UHMAUH IKB   UH2S    UN                                             W001000197                                       ,3,"sim_cont_sim_magnetic_variation,sim_cont_sim_file_record_number,sim_cont_1_123"
S,EEU,D,,UHMM,UH,,IFK,UH,11030,ITDN,,,IFK,N59543810,E150414120,,00600,0,02,,WGE,SOKOL,S,Simulation application continuation,UN,W0119,00600,73411,2404,SEEUD UHMMUH IFK   UH111030 ITDN                   IFK N59543810E150414120     00600002   WGESOKOL                         ,SEEUD UHMMUH IFK   UH2S    UN                                             W011900600                                       ,3,"sim_cont_sim_magnetic_variation,sim_cont_sim_file_record_number,sim_cont_1_123"
S,EEU,D,,UHPP,UH,,IKM,UH,10990,ITDN,,,IKM,N53105210,E158264000,,00098,0,02,,WGE,YELIZOVO,S,Simulation application continuation,UN,W0075,00098,73415,2302,SEEUD UHPPUH IKM   UH110990 ITDN                   IKM N53105210E158264000     00098002   WGEYELIZOVO                      ,SEEUD UHPPUH IKM   UH2S    UN                                             W007500098                                       ,3,"sim_cont_sim_magnetic_variation,sim_cont_sim_file_record_number,sim_cont_1_123"
S,EEU,D,,UHSS,UH,,IPI,UH,11170,IT N,,,IPI,N46535300,E142425730,,00059,0,,251,WGE,KHOMUTOVO,S,Simulation application continuation,UN,W0108,00059,73423,1904,SEEUD UHSSUH IPI   UH111170 IT N                   IPI N46535300E142425730     000590  251WGEKHOMUTOVO                     ,SEEUD UHSSUH IPI   UH2S    UN                                             W010800059                                       ,3,"sim_cont_sim_magnetic_variation,sim_cont_sim_file_record_number,sim_cont_1_123"
S,EEU,D,,UIBB,UI,,IBS,UI,11030,ITDN,,,IBS,N56215180,E101425920,,01575,0,02,263,WGE,BRATSK,S,Simulation application continuation,UN,W0033,01575,73431,2101,SEEUD UIBBUI IBS   UI111030 ITDN                   IBS N56215180E101425920     01575002263WGEBRATSK                        ,SEEUD UIBBUI IBS   UI2S    UN                                             W003301575                                       ,3,"sim_cont_sim_magnetic_variation,sim_cont_sim_file_record_number,sim_cont_1_123"
S,EEU,D,,UIII,UI,,ICN,UI,11130,ITDN,,,ICN,N52161980,E104224870,,01594,0,02,116,WGE,IRKUTSK,S,Simulation application continuation,UN,W0048,01594,73433,2405,SEEUD UIIIUI ICN   UI111130 ITDN                   ICN N52161980E104224870     01594002116WGEIRKUTSK                       ,SEEUD UIIIUI ICN   UI2S    UN                                             W004801594                                       ,3,"sim_cont_sim_magnetic_variation,sim_cont_sim_file_record_number,sim_cont_1_123"
S,EEU,D,,UIUU,UI,,IUL,UI,11130,ITDN,,,IUL,N51483010,E107251590,,01700,0,02,116,WGE,MUKHINO,S,Simulation application continuation,UN,W0064,01700,73439,2509,SEEUD UIUUUI IUL   UI111130 ITDN                   IUL N51483010E107251590     01700002116WGEMUKHINO                       ,SEEUD UIUUUI IUL   UI2S    UN                                             W006401700                                       ,8,"navaid_class,dme_elevation,ils_dme_bias,sim_cont_sim_facility_elevation,sim_cont_sim_file_record_number,sim_cont_sim_cycle_date,primary_1_123,sim_cont_1_123"
S,EEU,D,,UIUU,UI,,IZD,UI,11030,ITDN,,,IZD,N51484870,E107273820,,01660,0,02,116,WGE,MUKHINO,S,Simulation application continuation,UN,W0064,01660,73441,2509,SEEUD UIUUUI IZD   UI111030 ITDN                   IZD N51484870E107273820     01660002116WGEMUKHINO                       ,SEEUD UIUUUI IZD   UI2S    UN                                             W006401660                                       ,8,"navaid_class,dme_elevation,ils_dme_bias,sim_cont_sim_facility_elevation,sim_cont_sim_file_record_number,sim_cont_sim_cycle_date,primary_1_123,sim_cont_1_123"
S,EEU,D,,UKDE,UK,,IZP,UK,11150,IT N,,,IZP,N47523140,E035190320,,00372,0,,187,WGE,ZAPORIZHZHIA,S,Simulation application continuation,UU,E0084,00372,73443,1910,SEEUD UKDEUK IZP   UK111150 IT N                   IZP N47523140E035190320     003720  187WGEZAPORIZHZHIA                  ,SEEUD UKDEUK IZP   UK2S    UU                                             E008400372                                       ,3,"sim_cont_sim_magnetic_variation,sim_cont_sim_file_record_number,sim_cont_1_123"
S,EEU,D,,ULAA,UL,,IAZ,UL,11030,ITDN,,,IAZ,N64360840,E040414650,,00100,0,02,299,WGE,TALAGI,S,Simulation application continuation,UN,E0183,00100,73461,2403,SEEUD ULAAUL IAZ   UL111030 ITDN                   IAZ N64360840E040414650     00100002299WGETALAGI                        ,SEEUD ULAAUL IAZ   UL2S    UN                                             E018300100                                       ,3,"sim_cont_sim_magnetic_variation,sim_cont_sim_file_record_number,sim_cont_1_123"
S,EEU,D,,ULAA,UL,,IKM,UL,11170,ITDN,,,IKM,N64360300,E040441110,,00100,0,02,326,WGE,TALAGI,S,Simulation application continuation,UN,E0183,00100,73463,2403,SEEUD ULAAUL IKM   UL111170 ITDN                   IKM N64360300E040441110     00100002326WGETALAGI                        ,SEEUD ULAAUL IKM   UL2S    UN                                             E018300100                                       ,3,"sim_cont_sim_magnetic_variation,sim_cont_sim_file_record_number,sim_cont_1_123"
S,EEU,D,,ULAM,UL,,IRK,UL,10950,ITDN,,,IRK,N67382450,E053083890,,00100,0,02,248,WGE,NARYAN-MAR,S,Simulation application continuation,UN,E0246,00100,73465,2403,SEEUD ULAMUL IRK   UL110950 ITDN                   IRK N67382450E053083890     00100002248WGENARYAN-MAR                    ,SEEUD ULAMUL IRK   UL2S    UN                                             E024600100                                       ,3,"sim_cont_sim_magnetic_variation,sim_cont_sim_file_record_number,sim_cont_1_123"
S,EEU,D,,ULLI,UL,,IPL,UL,11130,ITDN,,,IPL,N59480230,E030175090,,00100,0,02,323,WGE,PULKOVO,S,Simulation application continuation,UN,E0120,00100,73469,2304,SEEUD ULLIUL IPL   UL111130 ITDN                   IPL N59480230E030175090     00100002323WGEPULKOVO                       ,SEEUD ULLIUL IPL   UL2S    UN                                             E012000100                                       ,3,"sim_cont_sim_magnetic_variation,sim_cont_sim_file_record_number,sim_cont_1_123"
S,EEU,D,,ULMK,UL,,IIO,UL,11050,ITDN,,,IIO,N67280780,E033341230,,00500,0,02,401,WGE,KHIBINY,S,Simulation application continuation,UN,E0174,00500,73475,2407,SEEUD ULMKUL IIO   UL111050 ITDN                   IIO N67280780E033341230     00500002401WGEKHIBINY                       ,SEEUD ULMKUL IIO   UL2S    UN                                             E017400500                                       ,3,"sim_cont_sim_magnetic_variation,sim_cont_sim_file_record_number,sim_cont_1_123"
S,EEU,D,,ULMM,UL,,IRD,UL,10850,ITDN,,,IRD,N68462780,E032454050,,00300,0,02,422,WGE,MURMANSK,S,Simulation application continuation,UN,E0178,00300,73477,2505,SEEUD ULMMUL IRD   UL110850 ITDN                   IRD N68462780E032454050     00300002422WGEMURMANSK                      ,SEEUD ULMMUL IRD   UL2S    UN                                             E017800300                                       ,7,"navaid_class,ils_dme_bias,sim_cont_sim_magnetic_variation,sim_cont_sim_file_record_number,sim_cont_sim_cycle_date,primary_1_123,sim_cont_1_123"
S,EEU,D,,ULPB,UL,,IPD,UL,11070,ITDN,,,IPD,N61533640,E034093470,,00151,0,02,283,WGE,PETROZAVODSK,S,Simulation application continuation,UN,E0143,00151,73479,2504,SEEUD ULPBUL IPD   UL111070 ITDN                   IPD N61533640E034093470     00151002283WGEPETROZAVODSK                  ,SEEUD ULPBUL IPD   UL2S    UN                                             E014300151                                       ,4,"sim_cont_sim_magnetic_variation,sim_cont_sim_file_record_number,sim_cont_sim_cycle_date,sim_cont_1_123"
S,EEU,D,,UMKK,UM,,IFG,UM,11030,ITDN,,,IFG,N54531570,E020344140,,00043,0,02,079,WGE,KHRABROVO,S,Simulation application continuation,UN,E0074,00043,73485,2404,SEEUD UMKKUM IFG   UM111030 ITDN                   IFG N54531570E020344140     00043002079WGEKHRABROVO                     ,SEEUD UMKKUM IFG   UM2S    UN                                             E007400043                                       ,3,"sim_cont_sim_magnetic_variation,sim_cont_sim_file_record_number,sim_cont_1_123"
S,EEU,D,,UMKK,UM,,IKR,UM,10950,ITDN,,,IKR,N54535150,E020365940,,00043,0,02,075,WGE,KHRABROVO,S,Simulation application continuation,UN,E0074,00043,73487,2404,SEEUD UMKKUM IKR   UM110950 ITDN                   IKR N54535150E020365940     00043002075WGEKHRABROVO                     ,SEEUD UMKKUM IKR   UM2S    UN                                             E007400043                                       ,3,"sim_cont_sim_magnetic_variation,sim_cont_sim_file_record_number,sim_cont_1_123"
S,EEU,D,,UNAA,UN,,IAB,UN,11030,ITDN,,,IAB,N53440410,E091224210,,00900,0,02,265,WGE,ABAKAN,S,Simulation application continuation,UN,E0031,00900,73493,2313,SEEUD UNAAUN IAB   UN111030 ITDN                   IAB N53440410E091224210     00900002265WGEABAKAN                        ,SEEUD UNAAUN IAB   UN2S    UN                                             E003100900                                       ,3,"sim_cont_sim_magnetic_variation,sim_cont_sim_file_record_number,sim_cont_1_123"
S,EEU,D,,UNAA,UN,,IAK,UN,10990,ITDN,,,IAK,N53445830,E091232420,,00900,0,02,227,WGE,ABAKAN,S,Simulation application continuation,UN,E0031,00900,73495,2313,SEEUD UNAAUN IAK   UN110990 ITDN                   IAK N53445830E091232420     00900002227WGEABAKAN                        ,SEEUD UNAAUN IAK   UN2S    UN                                             E003100900                                       ,3,"sim_cont_sim_magnetic_variation,sim_cont_sim_file_record_number,sim_cont_1_123"
S,EEU,D,,UNBB,UN,,IAR,UN,10870,ITDN,,,IAR,N53220630,E083331470,,00837,0,02,,WGE,MIKHAYLOVKA,S,Simulation application continuation,UN,E0071,00837,73497,2402,SEEUD UNBBUN IAR   UN110870 ITDN                   IAR N53220630E083331470     00837002   WGEMIKHAYLOVKA                   ,SEEUD UNBBUN IAR   UN2S    UN                                             E007100837                                       ,3,"sim_cont_sim_magnetic_variation,sim_cont_sim_file_record_number,sim_cont_1_123"
S,EEU,D,,UNNT,UN,,ISV,UN,10970,IT N,,,ISV,N55024820,E082355010,,00368,0,,301,WGE,TOLMACHEVO,S,Simulation application continuation,UN,E0084,00368,73513,2310,SEEUD UNNTUN ISV   UN110970 IT N                   ISV N55024820E082355010     003680  301WGETOLMACHEVO                    ,SEEUD UNNTUN ISV   UN2S    UN                                             E008400368                                       ,3,"sim_cont_sim_magnetic_variation,sim_cont_sim_file_record_number,sim_cont_1_123"
S,EEU,D,,UNOO,UN,,IRM,UN,10830,ITDN,,,IRM,N54575000,E073174680,,00320,0,02,142,WGE,TSENTRALNY,S,Simulation application continuation,UN,E0120,00320,73515,2506,SEEUD UNOOUN IRM   UN110830 ITDN                   IRM N54575000E073174680     00320002142WGETSENTRALNY                    ,SEEUD UNOOUN IRM   UN2S    UN                                             E012000320                                       ,8,"navaid_class,dme_elevation,ils_dme_bias,sim_cont_sim_facility_elevation,sim_cont_sim_file_record_number,sim_cont_sim_cycle_date,primary_1_123,sim_cont_1_123"
S,EEU,D,,UNOO,UN,,ITK,UN,11010,ITDN,,,ITK,N54580450,E073193160,,00310,0,02,078,WGE,TSENTRALNY,S,Simulation application continuation,UN,E0120,00310,73517,2506,SEEUD UNOOUN ITK   UN111010 ITDN                   ITK N54580450E073193160     00310002078WGETSENTRALNY                    ,SEEUD UNOOUN ITK   UN2S    UN                                             E012000310                                       ,6,"dme_elevation,sim_cont_sim_facility_elevation,sim_cont_sim_file_record_number,sim_cont_sim_cycle_date,primary_1_123,sim_cont_1_123"
S,EEU,D,,UOHH,UN,,IOA,UN,11030,ITDN,,,IOA,N71583110,E102274790,,00098,0,02,339,WGE,KHATANGA,S,Simulation application continuation,UN,E0020,00098,73525,2206,SEEUD UOHHUN IOA   UN111030 ITDN                   IOA N71583110E102274790     00098002339WGEKHATANGA                      ,SEEUD UOHHUN IOA   UN2S    UN                                             E002000098                                       ,3,"sim_cont_sim_magnetic_variation,sim_cont_sim_file_record_number,sim_cont_1_123"
S,EEU,D,,URKA,UR,,IAN,UR,10910,IT N,,,IAN,N44594160,E037202610,,00170,0,,263,WGE,VITYAZEVO,S,Simulation application continuation,UU,E0077,00170,73533,2405,SEEUD URKAUR IAN   UR110910 IT N                   IAN N44594160E037202610     001700  263WGEVITYAZEVO                     ,SEEUD URKAUR IAN   UR2S    UU                                             E007700170                                       ,3,"sim_cont_sim_magnetic_variation,sim_cont_sim_file_record_number,sim_cont_1_123"
S,EEU,D,,URKA,UR,,IAP,UR,11090,IT N,,,IAP,N45002630,E037212180,,00200,0,,184,WGE,VITYAZEVO,S,Simulation application continuation,UN,E0077,00200,73535,2405,SEEUD URKAUR IAP   UR111090 IT N                   IAP N45002630E037212180     002000  184WGEVITYAZEVO                     ,SEEUD URKAUR IAP   UR2S    UN                                             E007700200                                       ,3,"sim_cont_sim_magnetic_variation,sim_cont_sim_file_record_number,sim_cont_1_123"
S,EEU,D,,URML,UR,,IHC,UR,10830,ITDN,,,IHC,N42491520,E047385000,,00001,0,02,195,WGE,UYTASH,S,Simulation application continuation,UN,E0074,00001,73543,2510,SEEUD URMLUR IHC   UR110830 ITDN                   IHC N42491520E047385000     00001002195WGEUYTASH                        ,SEEUD URMLUR IHC   UR2S    UN                                             E007400001                                       ,5,"dme_latitude,dme_longitude,sim_cont_sim_file_record_number,sim_cont_sim_cycle_date,primary_1_123"
S,EEU,D,,URMM,UR,,IMW,UR,10930,ITDN,,,IMW,N44131140,E043060450,,01100,0,02,299,WGE,MINERALNYYE VODY,S,Simulation application continuation,UN,E0078,01100,73549,2402,SEEUD URMMUR IMW   UR110930 ITDN                   IMW N44131140E043060450     01100002299WGEMINERALNYYE VODY              ,SEEUD URMMUR IMW   UR2S    UN                                             E007801100                                       ,3,"frequency_protection,sim_cont_sim_file_record_number,primary_1_123"
S,EEU,D,,URMT,UR,,IKT,UR,11070,IT N,,,IKT,N45063580,E042073240,,01500,0,,125,WGE,SHPAKOVSKOYE,S,Simulation application continuation,UN,E0081,01500,73559,2101,SEEUD URMTUR IKT   UR111070 IT N                   IKT N45063580E042073240     015000  125WGESHPAKOVSKOYE                  ,SEEUD URMTUR IKT   UR2S    UN                                             E008101500                                       ,3,"sim_cont_sim_magnetic_variation,sim_cont_sim_file_record_number,sim_cont_1_123"
S,EEU,D,,URMT,UR,,IOP,UR,11050,IT N,,,IOP,N45062000,E042060490,,01500,0,,136,WGE,SHPAKOVSKOYE,S,Simulation application continuation,UN,E0081,01500,73561,2101,SEEUD URMTUR IOP   UR111050 IT N                   IOP N45062000E042060490     015000  136WGESHPAKOVSKOYE                  ,SEEUD URMTUR IOP   UR2S    UN                                             E008101500                                       ,3,"sim_cont_sim_magnetic_variation,sim_cont_sim_file_record_number,sim_cont_1_123"
S,EEU,D,,URRP,UR,,IRS,UR,11090,ITDN,,,IRS,N47300810,E039562090,,00300,0,02,184,WGE,PLATOV,S,Simulation application continuation,UN,E0088,00300,73565,2112,SEEUD URRPUR IRS   UR111090 ITDN                   IRS N47300810E039562090     00300002184WGEPLATOV                        ,SEEUD URRPUR IRS   UR2S    UN                                             E008800300                                       ,3,"sim_cont_sim_magnetic_variation,sim_cont_sim_file_record_number,sim_cont_1_123"
S,EEU,D,,URWI,UR,,ISA,UR,10850,ITDN,,,ISA,N46222950,E044182520,,00492,0,02,472,WGE,ELISTA,S,Simulation application continuation,UN,E0087,00492,73575,2013,SEEUD URWIUR ISA   UR110850 ITDN                   ISA N46222950E044182520     00492002472WGEELISTA                        ,SEEUD URWIUR ISA   UR2S    UN                                             E008700492                                       ,3,"sim_cont_sim_magnetic_variation,sim_cont_sim_file_record_number,sim_cont_1_123"
S,EEU,D,,USDD,US,,IDM,US,11130,ITDN,,,IDM,N66353970,E066380170,,00200,0,02,,WGE,SALEKHARD,S,Simulation application continuation,UN,E0245,00200,73591,2412,SEEUD USDDUS IDM   US111130 ITDN                   IDM N66353970E066380170     00200002   WGESALEKHARD                     ,SEEUD USDDUS IDM   US2S    UN                                             E024500200                                       ,3,"sim_cont_sim_magnetic_variation,sim_cont_sim_file_record_number,sim_cont_1_123"
S,EEU,D,,USDD,US,,INA,US,11150,ITDN,,,INA,N66350610,E066352660,,00200,0,02,,WGE,SALEKHARD,S,Simulation application continuation,UN,E0245,00200,73593,2112,SEEUD USDDUS INA   US111150 ITDN                   INA N66350610E066352660     00200002   WGESALEKHARD                     ,SEEUD USDDUS INA   US2S    UN                                             E024500200                                       ,3,"sim_cont_sim_magnetic_variation,sim_cont_sim_file_record_number,sim_cont_1_123"
S,EEU,D,,USHN,US,,ILS,US,11030,ITDN,,,ILS,N62060460,E065365840,,00394,0,02,100,WGE,NYAGAN,S,Simulation application continuation,UN,E0197,00394,73597,2501,SEEUD USHNUS ILS   US111030 ITDN                   ILS N62060460E065365840     00394002100WGENYAGAN                        ,SEEUD USHNUS ILS   US2S    UN                                             E019700394                                       ,3,"sim_cont_sim_magnetic_variation,sim_cont_sim_file_record_number,sim_cont_1_123"
S,EEU,D,,USHQ,US,,IIU,US,11030,ITDN,,,IIU,N63414200,E066421300,,00100,0,02,100,WGE,BELOYARSKIY,S,Simulation application continuation,UN,E0212,00100,73599,2413,SEEUD USHQUS IIU   US111030 ITDN                   IIU N63414200E066421300     00100002100WGEBELOYARSKIY                   ,SEEUD USHQUS IIU   US2S    UN                                             E021200100                                       ,3,"sim_cont_sim_magnetic_variation,sim_cont_sim_file_record_number,sim_cont_1_123"
S,EEU,D,,USII,US,,IMD,US,11030,ITDN,,,IMD,N56493550,E053272850,,00600,0,02,105,WGE,IZHEVSK,S,Simulation application continuation,UN,E0152,00600,73603,2401,SEEUD USIIUS IMD   US111030 ITDN                   IMD N56493550E053272850     00600002105WGEIZHEVSK                       ,SEEUD USIIUS IMD   US2S    UN                                             E015200600                                       ,3,"frequency_protection,sim_cont_sim_file_record_number,primary_1_123"
S,EEU,D,,USKK,US,,IOR,US,10930,ITDN,,,IOR,N58295200,E049195400,,00500,0,02,417,WGE,POBEDILOVO,S,Simulation application continuation,UN,E0160,00500,73605,2501,SEEUD USKKUS IOR   US110930 ITDN                   IOR N58295200E049195400     00500002417WGEPOBEDILOVO                    ,SEEUD USKKUS IOR   US2S    UN                                             E016000500                                       ,3,"sim_cont_sim_magnetic_variation,sim_cont_sim_file_record_number,sim_cont_1_123"
S,EEU,D,,USKK,US,,IXA,US,10990,ITDN,,,IXA,N58303840,E049213180,,00500,0,20,198,WGE,POBEDILOVO,S,Simulation application continuation,UN,E0160,00500,73607,2501,SEEUD USKKUS IXA   US110990 ITDN                   IXA N58303840E049213180     00500020198WGEPOBEDILOVO                    ,SEEUD USKKUS IXA   US2S    UN                                             E016000500                                       ,3,"sim_cont_sim_magnetic_variation,sim_cont_sim_file_record_number,sim_cont_1_123"
S,EEU,D,,USMM,US,,INO,US,11050,ITDN,,,INO,N65292690,E072413410,,00049,0,02,249,WGE,NADYM,S,Simulation application continuation,UN,E0219,00049,73609,2312,SEEUD USMMUS INO   US111050 ITDN                   INO N65292690E072413410     00049002249WGENADYM                         ,SEEUD USMMUS INO   US2S    UN                                             E021900049                                       ,3,"sim_cont_sim_magnetic_variation,sim_cont_sim_file_record_number,sim_cont_1_123"
S,EEU,D,,USMQ,US,,IMB,US,11010,ITDN,,,IMB,N67594570,E075052870,,00100,0,02,445,WGE,YAMBURG,S,Simulation application continuation,UN,E0243,00100,73613,2305,SEEUD USMQUS IMB   US111010 ITDN                   IMB N67594570E075052870     00100002445WGEYAMBURG                       ,SEEUD USMQUS IMB   US2S    UN                                             E024300100                                       ,3,"sim_cont_sim_magnetic_variation,sim_cont_sim_file_record_number,sim_cont_1_123"
S,EEU,D,,USRR,US,,IGK,US,11050,ITDN,,,IGK,N61204350,E073225440,,00200,0,02,092,WGE,SURGUT,S,Simulation application continuation,UN,E0172,00200,73631,2307,SEEUD USRRUS IGK   US111050 ITDN                   IGK N61204350E073225440     00200002092WGESURGUT                        ,SEEUD USRRUS IGK   US2S    UN                                             E017200200                                       ,3,"sim_cont_sim_magnetic_variation,sim_cont_sim_file_record_number,sim_cont_1_123"
S,EEU,D,,USSS,US,,IKO,US,11170,ITDN,,,IKO,N56443620,E060465960,,00766,0,02,232,WGE,KOLTSOVO,S,Simulation application continuation,UN,E0154,00766,73639,2013,SEEUD USSSUS IKO   US111170 ITDN                   IKO N56443620E060465960     00766002232WGEKOLTSOVO                      ,SEEUD USSSUS IKO   US2S    UN                                             E015400766                                       ,3,"sim_cont_sim_magnetic_variation,sim_cont_sim_file_record_number,sim_cont_1_123"
S,EEU,D,,USTJ,US,,ISE,US,11030,ITDN,,,ISE,N58032630,E068214910,,00200,0,02,256,WGE,REMEZOV,S,Simulation application continuation,UN,E0156,00200,73641,2112,SEEUD USTJUS ISE   US111030 ITDN                   ISE N58032630E068214910     00200002256WGEREMEZOV                       ,SEEUD USTJUS ISE   US2S    UN                                             E015600200                                       ,3,"sim_cont_sim_magnetic_variation,sim_cont_sim_file_record_number,sim_cont_1_123"
S,EEU,D,,USUU,US,,IUN,US,10990,ITDN,,,IUN,N55285900,E065251410,,00200,0,02,135,WGE,KURGAN,S,Simulation application continuation,UN,E0140,00200,73651,2504,SEEUD USUUUS IUN   US110990 ITDN                   IUN N55285900E065251410     00200002135WGEKURGAN                        ,SEEUD USUUUS IUN   US2S    UN                                             E014000200                                       ,6,"dme_elevation,sim_cont_sim_facility_elevation,sim_cont_sim_file_record_number,sim_cont_sim_cycle_date,primary_1_123,sim_cont_1_123"
S,EEU,D,,UTAM,UT,,IML,UT,11150,IT N,,,IML,N37363800,E061534200,,00732,0,,395,WGE,MARY,S,Simulation application continuation,UN,E0050,00732,73665,2205,SEEUD UTAMUT IML   UT111150 IT N                   IML N37363800E061534200     007320  395WGEMARY                          ,SEEUD UTAMUT IML   UT2S    UN                                             E005000732                                       ,3,"sim_cont_sim_magnetic_variation,sim_cont_sim_file_record_number,sim_cont_1_123"
S,EEU,D,,UTDL,UT,,IHD,UT,11150,IT N,,,IHD,N40125410,E069405180,,01450,0,,067,WGE,KHUJAND,S,Simulation application continuation,UN,E0052,01450,73679,2503,SEEUD UTDLUT IHD   UT111150 IT N                   IHD N40125410E069405180     014500  067WGEKHUJAND                       ,SEEUD UTDLUT IHD   UT2S    UN                                             E005201450                                       ,3,"frequency_protection,sim_cont_sim_file_record_number,primary_1_123"
S,EEU,D,,UUBC,UU,,IGC,UU,11170,ITDN,,,IGC,N54323530,E036224900,,00620,0,02,070,WGE,GRABTSEVO,S,Simulation application continuation,UN,E0111,00620,73683,2504,SEEUD UUBCUU IGC   UU111170 ITDN                   IGC N54323530E036224900     00620002070WGEGRABTSEVO                     ,SEEUD UUBCUU IGC   UU2S    UN                                             E011100620                                       ,6,"dme_elevation,sim_cont_sim_facility_elevation,sim_cont_sim_file_record_number,sim_cont_sim_cycle_date,primary_1_123,sim_cont_1_123"
S,EEU,D,,UUDD,UU,,IDM,UU,11010,ITDN,,,IDM,N55250450,E037522310,,00600,0,02,352,WGE,DOMODEDOVO,S,Simulation application continuation,UN,E0119,00600,73687,2508,SEEUD UUDDUU IDM   UU111010 ITDN                   IDM N55250450E037522310     00600002352WGEDOMODEDOVO                    ,SEEUD UUDDUU IDM   UU2S    UN                                             E011900600                                       ,4,"sim_cont_sim_magnetic_variation,sim_cont_sim_file_record_number,sim_cont_sim_cycle_date,sim_cont_1_123"
S,EEU,D,,UUDD,UU,,IDO,UU,10930,ITDN,,,IDO,N55234790,E037535310,,00600,0,02,417,WGE,DOMODEDOVO,S,Simulation application continuation,UN,E0119,00600,73689,2508,SEEUD UUDDUU IDO   UU110930 ITDN                   IDO N55234790E037535310     00600002417WGEDOMODEDOVO                    ,SEEUD UUDDUU IDO   UU2S    UN                                             E011900600                                       ,4,"sim_cont_sim_magnetic_variation,sim_cont_sim_file_record_number,sim_cont_sim_cycle_date,sim_cont_1_123"
S,EEU,D,,UUDL,UU,,IRG,UU,11050,ITDN,,,IRG,N57335920,E040102850,,00400,0,02,131,WGE,TUNOSHNA,S,Simulation application continuation,UN,E0136,00400,73691,2412,SEEUD UUDLUU IRG   UU111050 ITDN                   IRG N57335920E040102850     00400002131WGETUNOSHNA                      ,SEEUD UUDLUU IRG   UU2S    UN                                             E013600400                                       ,3,"sim_cont_sim_magnetic_variation,sim_cont_sim_file_record_number,sim_cont_1_123"
S,EEU,D,,UUEE,UU,,IAD,UU,11130,ITDN,,,IAD,N55583400,E037261200,,00630,0,02,323,WGE,SHEREMETYEVO,S,Simulation application continuation,UN,E0121,00630,73693,2402,SEEUD UUEEUU IAD   UU111130 ITDN                   IAD N55583400E037261200     00630002323WGESHEREMETYEVO                  ,SEEUD UUEEUU IAD   UU2S    UN                                             E012100630                                       ,3,"sim_cont_sim_magnetic_variation,sim_cont_sim_file_record_number,sim_cont_1_123"
S,EEU,D,,UUEE,UU,,IBR,UU,10935,ITDN,,,IBR,N55591940,E037222390,,00600,0,02,,WGE,SHEREMETYEVO,S,Simulation application continuation,UN,E0121,00600,73695,2402,SEEUD UUEEUU IBR   UU110935 ITDN                   IBR N55591940E037222390     00600002   WGESHEREMETYEVO                  ,SEEUD UUEEUU IBR   UU2S    UN                                             E012100600                                       ,3,"sim_cont_sim_magnetic_variation,sim_cont_sim_file_record_number,sim_cont_1_123"
S,EEU,D,,UUEE,UU,,IBW,UU,11050,ITDN,,,IBW,N55582480,E037262010,,00600,0,02,131,WGE,SHEREMETYEVO,S,Simulation application continuation,UN,E0121,00600,73697,2402,SEEUD UUEEUU IBW   UU111050 ITDN                   IBW N55582480E037262010     00600002131WGESHEREMETYEVO                  ,SEEUD UUEEUU IBW   UU2S    UN                                             E012100600                                       ,3,"sim_cont_sim_magnetic_variation,sim_cont_sim_file_record_number,sim_cont_1_123"
S,EEU,D,,UUEE,UU,,IMR,UU,10810,ITDN,,,IMR,N55581020,E037233200,,00630,0,02,215,WGE,SHEREMETYEVO,S,Simulation application continuation,UN,E0121,00630,73701,2402,SEEUD UUEEUU IMR   UU110810 ITDN                   IMR N55581020E037233200     00630002215WGESHEREMETYEVO                  ,SEEUD UUEEUU IMR   UU2S    UN                                             E012100630                                       ,3,"sim_cont_sim_magnetic_variation,sim_cont_sim_file_record_number,sim_cont_1_123"
S,EEU,D,,UUEE,UU,,INL,UU,10910,ITDN,,,INL,N55575960,E037233170,,00600,0,02,169,WGE,SHEREMETYEVO,S,Simulation application continuation,UN,E0121,00600,73703,2402,SEEUD UUEEUU INL   UU110910 ITDN                   INL N55575960E037233170     00600002169WGESHEREMETYEVO                  ,SEEUD UUEEUU INL   UU2S    UN                                             E012100600                                       ,3,"sim_cont_sim_magnetic_variation,sim_cont_sim_file_record_number,sim_cont_1_123"
S,EEU,D,,UUOD,UU,,IZF,UU,10990,ITDN,,,IZF,N51392750,E039155160,,00358,0,02,493,WGE,PRIDACHA,S,Simulation application continuation,UN,E0104,00358,73705,2310,SEEUD UUODUU IZF   UU110990 ITDN                   IZF N51392750E039155160     00358002493WGEPRIDACHA                      ,SEEUD UUODUU IZF   UU2S    UN                                             E010400358                                       ,3,"sim_cont_sim_magnetic_variation,sim_cont_sim_file_record_number,sim_cont_1_123"
S,EEU,D,,UUWW,UU,,ITA,UU,11150,ITDN,,,ITA,N55363540,E037162370,,00640,0,02,138,WGE,VNUKOVO,S,Simulation application continuation,UN,E0118,00640,73711,2506,SEEUD UUWWUU ITA   UU111150 ITDN                   ITA N55363540E037162370     00640002138WGEVNUKOVO                       ,SEEUD UUWWUU ITA   UU2S    UN                                             E011800640                                       ,8,"dme_latitude,dme_longitude,dme_elevation,sim_cont_sim_facility_elevation,sim_cont_sim_file_record_number,sim_cont_sim_cycle_date,primary_1_123,sim_cont_1_123"
S,EEU,D,,UUYH,UL,,IBF,UL,10970,ITDN,,,IBF,N63332970,E053474510,,00482,0,02,,WGE,UKHTA,S,Simulation application continuation,UN,E0208,00482,73715,2310,SEEUD UUYHUL IBF   UL110970 ITDN                   IBF N63332970E053474510     00482002   WGEUKHTA                         ,SEEUD UUYHUL IBF   UL2S    UN                                             E020800482                                       ,3,"sim_cont_sim_magnetic_variation,sim_cont_sim_file_record_number,sim_cont_1_123"
S,EEU,D,,UUYH,UL,,IDP,UL,11010,ITDN,,,IDP,N63343200,E053484770,,00482,0,02,452,WGE,UKHTA,S,Simulation application continuation,UN,E0208,00482,73717,2310,SEEUD UUYHUL IDP   UL111010 ITDN                   IDP N63343200E053484770     00482002452WGEUKHTA                         ,SEEUD UUYHUL IDP   UL2S    UN                                             E020800482                                       ,3,"sim_cont_sim_magnetic_variation,sim_cont_sim_file_record_number,sim_cont_1_123"
S,EEU,D,,UUYS,UL,,IUL,UL,10870,ITDN,,,IUL,N66004780,E057214030,,00300,0,02,561,WGE,USINSK,S,Simulation application continuation,UN,E0237,00300,73719,2413,SEEUD UUYSUL IUL   UL110870 ITDN                   IUL N66004780E057214030     00300002561WGEUSINSK                        ,SEEUD UUYSUL IUL   UL2S    UN                                             E023700300                                       ,3,"sim_cont_sim_magnetic_variation,sim_cont_sim_file_record_number,sim_cont_1_123"
S,EEU,D,,UWKB,UW,,ILB,UW,11090,ITDN,,,ILB,N54384870,E052482530,,00984,0,02,409,WGE,BUGULMA,S,Simulation application continuation,UN,E0137,00984,73731,2409,SEEUD UWKBUW ILB   UW111090 ITDN                   ILB N54384870E052482530     00984002409WGEBUGULMA                       ,SEEUD UWKBUW ILB   UW2S    UN                                             E013700984                                       ,3,"sim_cont_sim_magnetic_variation,sim_cont_sim_file_record_number,sim_cont_1_123"
S,EEU,D,,UWKD,UW,,IAM,UW,11050,ITDN,,,IAM,N55365290,E049151260,,00410,0,02,187,WGE,KAZAN,S,Simulation application continuation,UN,E0140,00410,73733,2307,SEEUD UWKDUW IAM   UW111050 ITDN                   IAM N55365290E049151260     00410002187WGEKAZAN                         ,SEEUD UWKDUW IAM   UW2S    UN                                             E014000410                                       ,3,"sim_cont_sim_magnetic_variation,sim_cont_sim_file_record_number,sim_cont_1_123"
S,EEU,D,,UWKD,UW,,IBL,UW,11170,ITDN,,,IBL,N55355520,E049174150,,00410,0,02,367,WGE,KAZAN,S,Simulation application continuation,UN,E0140,00410,73735,2307,SEEUD UWKDUW IBL   UW111170 ITDN                   IBL N55355520E049174150     00410002367WGEKAZAN                         ,SEEUD UWKDUW IBL   UW2S    UN                                             E014000410                                       ,3,"sim_cont_sim_magnetic_variation,sim_cont_sim_file_record_number,sim_cont_1_123"
S,EEU,D,,UWLW,UW,,IWN,UW,11010,ITDN,,,IWN,N54250620,E048490660,,00233,0,02,002,WGE,VOSTOCHNY,S,Simulation application continuation,UN,E0132,00233,73751,2304,SEEUD UWLWUW IWN   UW111010 ITDN                   IWN N54250620E048490660     00233002002WGEVOSTOCHNY                     ,SEEUD UWLWUW IWN   UW2S    UN                                             E013200233                                       ,3,"sim_cont_sim_magnetic_variation,sim_cont_sim_file_record_number,sim_cont_1_123"
S,EEU,D,,UWOO,UW,,IWP,UW,10990,IT N,,,IWP,N51474970,E055263410,,00387,0,,155,WGE,ORENBURG,S,Simulation application continuation,UN,E0120,00387,73755,2013,SEEUD UWOOUW IWP   UW110990 IT N                   IWP N51474970E055263410     003870  155WGEORENBURG                      ,SEEUD UWOOUW IWP   UW2S    UN                                             E012000387                                       ,3,"sim_cont_sim_magnetic_variation,sim_cont_sim_file_record_number,sim_cont_1_123"
S,EEU,D,,UWUU,UW,,INM,UW,10870,ITDN,,,INM,N54324460,E055522340,,00440,0,02,123,WGE,UFA,S,Simulation application continuation,UN,E0138,00440,73767,2310,SEEUD UWUUUW INM   UW110870 ITDN                   INM N54324460E055522340     00440002123WGEUFA                           ,SEEUD UWUUUW INM   UW2S    UN                                             E013800440                                       ,3,"sim_cont_sim_magnetic_variation,sim_cont_sim_file_record_number,sim_cont_1_123"
S,EEU,D,,ZBHH,ZB,,IFX,ZB,10890,IT N,,,IFX,N40504062,E111482849,,03540,0,,224,WGE,BAITA,S,Simulation application continuation,UN,W0063,03540,73835,2204,SEEUD ZBHHZB IFX   ZB110890 IT N                   IFX N40504062E111482849     035400  224WGEBAITA                         ,SEEUD ZBHHZB IFX   ZB2S    UN                                             W006303540                                       ,3,"sim_cont_sim_magnetic_variation,sim_cont_sim_file_record_number,sim_cont_1_123"
S,EEU,D,,ZBMZ,ZB,,IMZ,ZB,10850,IT N,,,IMZ,N49340701,E117185290,,02195,0,,427,WGE,XIJIAO,S,Simulation application continuation,UN,W0103,02195,73839,2305,SEEUD ZBMZZB IMZ   ZB110850 IT N                   IMZ N49340701E117185290     021950  427WGEXIJIAO                        ,SEEUD ZBMZZB IMZ   ZB2S    UN                                             W010302195                                       ,5,"frequency_protection,sim_cont_sim_magnetic_variation,sim_cont_sim_file_record_number,primary_1_123,sim_cont_1_123"
S,EEU,D,,ZGGG,ZG,,IAA,ZG,11075,IT N,,,IAA,N23241449,E113185150,,00066,0,,002,WGE,BAIYUN,S,Simulation application continuation,UN,W0033,00066,73867,2501,SEEUD ZGGGZG IAA   ZG111075 IT N                   IAA N23241449E113185150     000660  002WGEBAIYUN                        ,SEEUD ZGGGZG IAA   ZG2S    UN                                             W003300066                                       ,3,"frequency_protection,sim_cont_sim_file_record_number,primary_1_123"
S,EEU,D,,ZGGG,ZG,,IBB,ZG,11075,IT N,,,IBB,N23224129,E113182633,,00066,0,,002,WGE,BAIYUN,S,Simulation application continuation,UN,W0033,00066,73869,2508,SEEUD ZGGGZG IBB   ZG111075 IT N                   IBB N23224129E113182633     000660  002WGEBAIYUN                        ,SEEUD ZGGGZG IBB   ZG2S    UN                                             W003300066                                       ,5,"vor_frequency,frequency_protection,sim_cont_sim_file_record_number,sim_cont_sim_cycle_date,primary_1_123"
S,EEU,D,,ZGHA,ZG,,IWW,ZG,11030,IT N,,,IWW,N28121203,E113131236,,00236,0,,233,WGE,HUANGHUA,S,Simulation application continuation,UN,W0042,00236,73889,1704,SEEUD ZGHAZG IWW   ZG111030 IT N                   IWW N28121203E113131236     002360  233WGEHUANGHUA                      ,SEEUD ZGHAZG IWW   ZG2S    UN                                             W004200236                                       ,3,"frequency_protection,sim_cont_sim_file_record_number,primary_1_123"
S,EEU,D,,ZLDH,ZL,,IMG,ZL,10930,IT N,,,IMG,N40094875,E094474928,,03717,0,,396,WGE,MOGAO,S,Simulation application continuation,UN,W0002,03717,73971,2010,SEEUD ZLDHZL IMG   ZL110930 IT N                   IMG N40094875E094474928     037170  396WGEMOGAO                         ,SEEUD ZLDHZL IMG   ZL2S    UN                                             W000203717                                       ,3,"frequency_protection,sim_cont_sim_file_record_number,primary_1_123"
S,EEU,D,,ZLIC,ZL,,IVO,ZL,10850,IT N,,,IVO,N38195708,E106240712,,03714,0,,400,WGE,HEDONG,S,Simulation application continuation,UN,W0040,03714,73975,2106,SEEUD ZLICZL IVO   ZL110850 IT N                   IVO N38195708E106240712     037140  400WGEHEDONG                        ,SEEUD ZLICZL IVO   ZL2S    UN                                             W004003714                                       ,3,"frequency_protection,sim_cont_sim_file_record_number,primary_1_123"
S,EEU,D,,ZLLL,ZL,,IJF,ZL,11030,IT N,,,IJF,N36321213,E103384448,,06411,0,,474,WGE,ZHONGCHUAN,S,Simulation application continuation,UN,W0029,06411,73977,2503,SEEUD ZLLLZL IJF   ZL111030 IT N                   IJF N36321213E103384448     064110  474WGEZHONGCHUAN                    ,SEEUD ZLLLZL IJF   ZL2S    UN                                             W002906411                                       ,3,"frequency_protection,sim_cont_sim_file_record_number,primary_1_123"
S,EEU,D,,ZMUB,ZM,,IDA,ZM,11030,IT N,,,IDA,N47510060,E106451560,,04232,0,,239,WGE,BUYANT-UKHAA,S,Simulation application continuation,UN,W0055,04232,73997,2203,SEEUD ZMUBZM IDA   ZM111030 IT N                   IDA N47510060E106451560     042320  239WGEBUYANT-UKHAA                  ,SEEUD ZMUBZM IDA   ZM2S    UN                                             W005504232                                       ,3,"sim_cont_sim_magnetic_variation,sim_cont_sim_file_record_number,sim_cont_1_123"
S,EEU,D,,ZPJH,ZP,,ILK,ZP,11030,IT N,,,ILK,N21580243,E100455859,,01860,0,,344,WGE,GASA,S,Simulation application continuation,UN,W0012,01860,74001,1708,SEEUD ZPJHZP ILK   ZP111030 IT N                   ILK N21580243E100455859     018600  344WGEGASA                          ,SEEUD ZPJHZP ILK   ZP2S    UN                                             W001201860                                       ,3,"frequency_protection,sim_cont_sim_file_record_number,primary_1_123"
S,EEU,D,,ZSAM,ZS,,IWF,ZS,11030,IT N,,,IWF,N24321712,E118070202,,00082,0,,119,WGE,GAOQI,S,Simulation application continuation,UN,W0044,00082,74019,2506,SEEUD ZSAMZS IWF   ZS111030 IT N                   IWF N24321712E118070202     000820  119WGEGAOQI                         ,SEEUD ZSAMZS IWF   ZS2S    UN                                             W004400082                                       ,6,"dme_elevation,sim_cont_sim_facility_elevation,sim_cont_sim_file_record_number,sim_cont_sim_cycle_date,primary_1_123,sim_cont_1_123"
S,EEU,D,,ZSFZ,ZS,,ICL,ZS,11070,IT N,,,ICL,N25552413,E119391912,,00046,0,,100,WGE,CHANGLE,S,Simulation application continuation,UN,W0050,00046,74029,1607,SEEUD ZSFZZS ICL   ZS111070 IT N                   ICL N25552413E119391912     000460  100WGECHANGLE                       ,SEEUD ZSFZZS ICL   ZS2S    UN                                             W005000046                                       ,3,"sim_cont_sim_magnetic_variation,sim_cont_sim_file_record_number,sim_cont_1_123"
S,EEU,D,,ZSFZ,ZS,,INN,ZS,11030,IT N,,,INN,N25564971,E119400816,,00062,0,,119,WGE,CHANGLE,S,Simulation application continuation,UN,W0050,00062,74031,2005,SEEUD ZSFZZS INN   ZS111030 IT N                   INN N25564971E119400816     000620  119WGECHANGLE                       ,SEEUD ZSFZZS INN   ZS2S    UN                                             W005000062                                       ,3,"sim_cont_sim_magnetic_variation,sim_cont_sim_file_record_number,sim_cont_1_123"
S,EEU,D,,ZSLY,ZS,,ILY,ZS,10970,IT N,,,ILY,N35035124,E118244743,,00243,0,,250,WGE,QIYANG,S,Simulation application continuation,UN,W0069,00243,74047,2311,SEEUD ZSLYZS ILY   ZS110970 IT N                   ILY N35035124E118244743     002430  250WGEQIYANG                        ,SEEUD ZSLYZS ILY   ZS2S    UN                                             W006900243                                       ,3,"sim_cont_sim_magnetic_variation,sim_cont_sim_file_record_number,sim_cont_1_123"
S,EEU,D,,ZSLY,ZS,,IXI,ZS,11070,IT N,,,IXI,N35022759,E118244767,,00226,0,,161,WGE,QIYANG,S,Simulation application continuation,UN,W0069,00226,74049,2311,SEEUD ZSLYZS IXI   ZS111070 IT N                   IXI N35022759E118244767     002260  161WGEQIYANG                        ,SEEUD ZSLYZS IXI   ZS2S    UN                                             W006900226                                       ,3,"sim_cont_sim_magnetic_variation,sim_cont_sim_file_record_number,sim_cont_1_123"
S,EEU,D,,ZSNB,ZS,,IBK,ZS,10890,IT N,,,IBK,N29500024,E121270945,,00030,0,,080,WGE,LISHE,S,Simulation application continuation,UN,W0062,00030,74051,2111,SEEUD ZSNBZS IBK   ZS110890 IT N                   IBK N29500024E121270945     000300  080WGELISHE                         ,SEEUD ZSNBZS IBK   ZS2S    UN                                             W006200030                                       ,3,"sim_cont_sim_magnetic_variation,sim_cont_sim_file_record_number,sim_cont_1_123"
S,EEU,D,,ZSNB,ZS,,ILL,ZS,11090,IT N,,,ILL,N29491677,E121282625,,00030,0,,083,WGE,LISHE,S,Simulation application continuation,UN,W0062,00030,74053,2111,SEEUD ZSNBZS ILL   ZS111090 IT N                   ILL N29491677E121282625     000300  083WGELISHE                         ,SEEUD ZSNBZS ILL   ZS2S    UN                                             W006200030                                       ,3,"sim_cont_sim_magnetic_variation,sim_cont_sim_file_record_number,sim_cont_1_123"
S,EEU,D,,ZSNJ,ZS,,IMI,ZS,11030,IT N,,,IMI,N31440992,E118505236,,00056,0,,132,WGE,LUKOU,S,Simulation application continuation,UN,W0062,00056,74057,2210,SEEUD ZSNJZS IMI   ZS111030 IT N                   IMI N31440992E118505236     000560  132WGELUKOU                         ,SEEUD ZSNJZS IMI   ZS2S    UN                                             W006200056                                       ,3,"sim_cont_sim_magnetic_variation,sim_cont_sim_file_record_number,sim_cont_1_123"
S,EEU,D,,ZSNJ,ZS,,IPX,ZS,11130,IT N,,,IPX,N31434187,E118524188,,00052,0,,123,WGE,LUKOU,S,Simulation application continuation,UN,W0062,00052,74059,2210,SEEUD ZSNJZS IPX   ZS111130 IT N                   IPX N31434187E118524188     000520  123WGELUKOU                         ,SEEUD ZSNJZS IPX   ZS2S    UN                                             W006200052                                       ,3,"sim_cont_sim_magnetic_variation,sim_cont_sim_file_record_number,sim_cont_1_123"
S,EEU,D,,ZSPD,ZS,,IHL,ZS,11150,IT N,,,IHL,N31092569,E121485754,,00020,0,,090,WGE,PUDONG,S,Simulation application continuation,UN,W0066,00020,74073,2210,SEEUD ZSPDZS IHL   ZS111150 IT N                   IHL N31092569E121485754     000200  090WGEPUDONG                        ,SEEUD ZSPDZS IHL   ZS2S    UN                                             W006600020                                       ,3,"sim_cont_sim_magnetic_variation,sim_cont_sim_file_record_number,sim_cont_1_123"
S,EEU,D,,ZSPD,ZS,,IZZ,ZS,10870,IT N,,,IZZ,N31092378,E121485032,,00013,0,,201,WGE,PUDONG,S,Simulation application continuation,UU,W0066,00013,74081,1904,SEEUD ZSPDZS IZZ   ZS110870 IT N                   IZZ N31092378E121485032     000130  201WGEPUDONG                        ,SEEUD ZSPDZS IZZ   ZS2S    UU                                             W006600013                                       ,3,"sim_cont_sim_magnetic_variation,sim_cont_sim_file_record_number,sim_cont_1_123"
S,EEU,D,,ZSQD,ZS,,IIN,ZS,10855,IT N,,,IIN,N36211185,E120062009,,00036,0,,310,WGE,JIAODONG,S,Simulation application continuation,UN,W0076,00036,74085,2108,SEEUD ZSQDZS IIN   ZS110855 IT N                   IIN N36211185E120062009     000360  310WGEJIAODONG                      ,SEEUD ZSQDZS IIN   ZS2S    UN                                             W007600036                                       ,3,"sim_cont_sim_magnetic_variation,sim_cont_sim_file_record_number,sim_cont_1_123"
S,EEU,D,,ZSQD,ZS,,IQD,ZS,11015,IT N,,,IQD,N36220503,E120041710,,00036,0,,540,WGE,JIAODONG,S,Simulation application continuation,UN,W0076,00036,74087,2108,SEEUD ZSQDZS IQD   ZS111015 IT N                   IQD N36220503E120041710     000360  540WGEJIAODONG                      ,SEEUD ZSQDZS IQD   ZS2S    UN                                             W007600036                                       ,3,"sim_cont_sim_magnetic_variation,sim_cont_sim_file_record_number,sim_cont_1_123"
S,EEU,D,,ZSQD,ZS,,IQX,ZS,10975,IT N,,,IQX,N36203258,E120045348,,00039,0,,,WGE,JIAODONG,S,Simulation application continuation,UN,W0076,00039,74089,2108,SEEUD ZSQDZS IQX   ZS110975 IT N                   IQX N36203258E120045348     000390     WGEJIAODONG                      ,SEEUD ZSQDZS IQX   ZS2S    UN                                             W007600039                                       ,3,"sim_cont_sim_magnetic_variation,sim_cont_sim_file_record_number,sim_cont_1_123"
S,EEU,D,,ZSWZ,ZS,,IKN,ZS,11030,IT N,,,IKN,N27535186,E120504957,,00039,0,,133,WGE,LONGWAN,S,Simulation application continuation,UN,W0056,00039,74119,2507,SEEUD ZSWZZS IKN   ZS111030 IT N                   IKN N27535186E120504957     000390  133WGELONGWAN                       ,SEEUD ZSWZZS IKN   ZS2S    UN                                             W005600039                                       ,5,"dme_latitude,dme_longitude,sim_cont_sim_file_record_number,sim_cont_sim_cycle_date,primary_1_123"
S,EEU,D,,ZSWZ,ZS,,IWZ,ZS,10870,IT N,,,IWZ,N27550550,E120513406,,00039,0,,186,WGE,LONGWAN,S,Simulation application continuation,UN,W0056,00039,74121,2507,SEEUD ZSWZZS IWZ   ZS110870 IT N                   IWZ N27550550E120513406     000390  186WGELONGWAN                       ,SEEUD ZSWZZS IWZ   ZS2S    UN                                             W005600039                                       ,4,"dme_longitude,sim_cont_sim_file_record_number,sim_cont_sim_cycle_date,primary_1_123"
S,EEU,D,,ZULS,ZU,,IGA,ZU,10870,IT N,,,IGA,N29181001,E090553320,,11732,0,,231,WGE,KONGGAR,S,Simulation application continuation,UN,W0001,11732,74169,2506,SEEUD ZULSZU IGA   ZU110870 IT N                   IGA N29181001E090553320     117320  231WGEKONGGAR                       ,SEEUD ZULSZU IGA   ZU2S    UN                                             W000111732                                       ,4,"vor_name,sim_cont_sim_file_record_number,sim_cont_sim_cycle_date,primary_1_123"
S,EEU,D,,ZULS,ZU,,ISS,ZU,11030,IT N,,,ISS,N29175751,E090554656,,11749,0,,195,WGE,KONGGAR,S,Simulation application continuation,UN,W0001,11749,74171,2506,SEEUD ZULSZU ISS   ZU111030 IT N                   ISS N29175751E090554656     117490  195WGEKONGGAR                       ,SEEUD ZULSZU ISS   ZU2S    UN                                             W000111749                                       ,4,"vor_name,sim_cont_sim_file_record_number,sim_cont_sim_cycle_date,primary_1_123"
S,EEU,D,,ZYCC,ZY,,IDD,ZY,10930,IT N,,,IDD,N43592310,E125402035,,00722,0,,178,WGE,LONGJIA,S,Simulation application continuation,UN,W0107,00722,74207,2507,SEEUD ZYCCZY IDD   ZY110930 IT N                   IDD N43592310E125402035     007220  178WGELONGJIA                       ,SEEUD ZYCCZY IDD   ZY2S    UN                                             W010700722                                       ,5,"dme_latitude,dme_longitude,sim_cont_sim_file_record_number,sim_cont_sim_cycle_date,primary_1_123"
S,EEU,D,,ZYCC,ZY,,IPP,ZY,11010,IT N,,,IPP,N44001749,E125414802,,00673,0,,283,WGE,LONGJIA,S,Simulation application continuation,UN,W0107,00673,74209,2507,SEEUD ZYCCZY IPP   ZY111010 IT N                   IPP N44001749E125414802     006730  283WGELONGJIA                       ,SEEUD ZYCCZY IPP   ZY2S    UN                                             W010700673                                       ,5,"dme_latitude,dme_longitude,sim_cont_sim_file_record_number,sim_cont_sim_cycle_date,primary_1_123"
S,EEU,D,,ZYTL,ZY,,IKD,ZY,11110,IT N,,,IKD,N38575722,E121330176,,00108,0,,341,WGE,ZHOUSHUIZI,S,Simulation application continuation,UN,W0086,00108,74225,1902,SEEUD ZYTLZY IKD   ZY111110 IT N                   IKD N38575722E121330176     001080  341WGEZHOUSHUIZI                    ,SEEUD ZYTLZY IKD   ZY2S    UN                                             W008600108                                       ,3,"sim_cont_sim_magnetic_variation,sim_cont_sim_file_record_number,sim_cont_1_123"
S,EEU,D,,ZYTX,ZY,,IKY,ZY,11030,IT N,,,IKY,N41384886,E123294599,,00217,0,,235,WGE,TAOXIAN,S,Simulation application continuation,UN,W0097,00217,74229,1708,SEEUD ZYTXZY IKY   ZY111030 IT N                   IKY N41384886E123294599     002170  235WGETAOXIAN                       ,SEEUD ZYTXZY IKY   ZY2S    UN                                             W009700217                                       ,3,"sim_cont_sim_magnetic_variation,sim_cont_sim_file_record_number,sim_cont_1_123"
S,EEU,D,,ZYTX,ZY,,IPU,ZY,11050,IT N,,,IPU,N41375333,E123282231,,00197,0,,318,WGE,TAOXIAN,S,Simulation application continuation,UN,W0097,00197,74231,1710,SEEUD ZYTXZY IPU   ZY111050 IT N                   IPU N41375333E123282231     001970  318WGETAOXIAN                       ,SEEUD ZYTXZY IPU   ZY2S    UN                                             W009700197                                       ,3,"sim_cont_sim_magnetic_variation,sim_cont_sim_file_record_number,sim_cont_1_123"
