record_type,area_code,sec,subsection_code,airport_icao,icao_code,sub,vor_ident,navaid_icao_code,vor_frequency,navaid_class,vor_latitude,vor_longitude,dme_ident,dme_latitude,dme_longitude,station_declination,dme_elevation,figure_of_merit,ils_dme_bias,frequency_protection,datum_code,vor_name,primary_1_123,cont#2_appl_code,cont#2_appl_label,cont#2_1_123
S,AFR,D,,,,,IBA,DN,11210,VDHW,N07205080,E003575650,,N07205080,E003575650,W0020,00771,2,,446,WGE,IBADAN,SAFRD        IBA   DN111210VDHW N07205080E003575650    N07205080E003575650W0020007712  446WGEIBADAN                        ,S,Simulation application continuation,SAFRD        IBA   DN2S    UN                                             W001100771                                       
S,AFR,D,,DNIM,DN,,IOW,DN,11090,ITDN,,,IOW,N05260990,E007121830,,00392,0,02,,WGE,SAM MBAKWE,SAFRD DNIMDN IOW   DN111090 ITDN                   IOW N05260990E007121830     00392002   WGESAM MBAKWE                    ,S,Simulation application continuation,SAFRD DNIMDN IOW   DN2S    UN                                             W000700392                                       
S,AFR,D,,FAPP,FA,,PPI,FA,10870,IT N,,,PPI,S23512111,E029265332,,04009,0,,,WGE,POLOKWANE INTL,SAFRD FAPPFA PPI   FA110870 IT N                   PPI S23512111E029265332     040090     WGEPOLOKWANE INTL                ,S,Simulation application continuation,SAFRD FAPPFA PPI   FA2S    UN                                             W017304009                                       
S,AFR,D,,GLRB,GL,,SK,GL,11030,IT N,,,SK,N06132560,W010221070,,00031,0,,279,WGE,ROBERTS INTL,SAFRD GLRBGL SK    GL111030 IT N                   SK  N06132560W010221070     000310  279WGEROBERTS INTL                  ,S,Simulation application continuation,SAFRD GLRBGL SK    GL2S    UN  N                                          W0055                                            
S,AFR,D,,HEBA,HE,,BIL,HE,11130,IT N,,,BIL,N30542640,E029421340,,00182,0,,242,WGE,BORG EL ARAB INTL,SAFRD HEBAHE BIL   HE111130 IT N                   BIL N30542640E029421340     001820  242WGEBORG EL ARAB INTL             ,S,Simulation application continuation,SAFRD HEBAHE BIL   HE2S    UU                                             E004800182                                       
S,AFR,D,,HLGD,HL,,ISIT,HL,10990,ITDN,,,ISIT,N31024632,E016353552,,00267,0,02,393,WGE,GHARDABIYA,SAFRD HLGDHL ISIT  HL110990 ITDN                   ISITN31024632E016353552     00267002393WGEGHARDABIYA                    ,S,Simulation application continuation,SAFRD HLGDHL ISIT  HL2S    UN                                             E003600267                                       
S,AFR,D,,HLLB,HL,,IBNI,HL,11030,IT N,,,IBNI,N32050302,E020162831,,00433,0,,430,WGE,BENINA,SAFRD HLLBHL IBNI  HL111030 IT N                   IBNIN32050302E020162831     004330  430WGEBENINA                        ,S,Simulation application continuation,SAFRD HLLBHL IBNI  HL2S    UN                                             E004100433                                       
S,AFR,D,B,,,,FOR,GL,02630,H MW,N06120520,W010225791,,,,W0060,,,,,WGE,ROBERTS (MONROVIA),SAFRDB       FOR   GL102630H MW N06120520W010225791                       W0060           WGEROBERTS (MONROVIA)            ,S,Simulation application continuation,SAFRDB       FOR   GL2S     U24                                                                                            
S,AFR,D,B,,,,KB,HT,02930,H HW,S03345382,E036414059,,,,W0000,,,,,WGE,KILIMANJARO,SAFRDB       KB    HT102930H HW S03345382E036414059                       W0000           WGEKILIMANJARO                   ,S,Simulation application continuation,SAFRDB       KB    HT2S     U21                                                                                            
S,AFR,D,B,,,,KL,HT,02830,H MW,S03260948,E036552935,,,,W0000,,,,,WGE,KILIMANJARO,SAFRDB       KL    HT102830H MW S03260948E036552935                       W0000           WGEKILIMANJARO                   ,S,Simulation application continuation,SAFRDB       KL    HT2S     U24                                                                                            
S,AFR,D,B,,,,KO,HT,02980,H MW,S03255848,E036593618,,,,W0000,,,,,WGE,KILIMANJARO,SAFRDB       KO    HT102980H MW S03255848E036593618                       W0000           WGEKILIMANJARO                   ,S,Simulation application continuation,SAFRDB       KO    HT2S     U24                                                                                            
S,AFR,D,B,,,,LE,DX,02940,H MW,N06135060,E001182220,,,,W0030,,,,,WGE,LOME,SAFRDB       LE    DX102940H MW N06135060E001182220                       W0030           WGELOME                          ,S,Simulation application continuation,SAFRDB       LE    DX2S     U24                                                                                            
S,AFR,D,B,,,,NC,FW,03560,H LW,S15403600,E034571200,,,,W0050,,,,,WGE,CHILEKA (BLANTYRE),SAFRDB       NC    FW103560H LW S15403600E034571200                       W0050           WGECHILEKA (BLANTYRE)            ,S,Simulation application continuation,SAFRDB       NC    FW2S     U21                                                02555                                       
S,AFR,D,B,,,,PA,FG,03420,H  W,N03420447,E008544391,,,,W0020,,,,,WGE,MALABO,SAFRDB       PA    FG103420H  W N03420447E008544391                       W0020           WGEMALABO                        ,S,Simulation application continuation,SAFRDB       PA    FG2S     U24                                                                                            
S,AFR,D,B,,,,TG,HT,04070,H HW,S05051985,E039042290,,,,W0010,,,,,WGE,TANGA,SAFRDB       TG    HT104070H HW S05051985E039042290                       W0010           WGETANGA                         ,S,Simulation application continuation,SAFRDB       TG    HT2S     U21                                                                                            
S,CAN,D,,,,,5F,CY,11000,DU,,,5F,N54224300,W116450700,,02800,1,,,NAR,FOX CREEK,SCAND        5F    CY111000 DU                     5F  N54224300W116450700     028001     NARFOX CREEK                     ,S,Simulation application continuation,SCAND        5F    CY2S    UU                                             E0151                                            
S,CAN,D,,,,,OLT,PA,11590,DU,,,OLT,N60283108,W150524333,,00223,1,,,NAR,SOLDOTNA,SCAND        OLT   PA111590 DU                     OLT N60283108W150524333     002231     NARSOLDOTNA                      ,S,Simulation application continuation,SCAND        OLT   PA2S    UU                                             E0140                                            
S,CAN,D,,,,,VLN,CY,11420,VTUW,N50400100,W104532300,,N50400100,W104532300,E0100,01900,2,,,NAR,LUMSDEN,SCAND        VLN   CY111420VTUW N50400100W104532300    N50400100W104532300E0100019002     NARLUMSDEN                       ,S,Simulation application continuation,SCAND        VLN   CY2S    UN                                             E008601900                                       
S,CAN,D,,,,,VLV,CY,11720,DU,,,VLV,N45553020,W070504574,,01609,2,,473,NAR,BEAUCE,SCAND        VLV   CY111720 DU                     VLV N45553020W070504574     016092  473NARBEAUCE                        ,S,Simulation application continuation,SCAND        VLV   CY2S    UY                                             W0149                                            
S,CAN,D,,,,,XBG,CY,11180,TH,,,XBG,N48194616,W070594440,W0180,00531,2,,419,NAR,BAGOTVILLE,SCAND        XBG   CY111180 TH                     XBG N48194616W070594440W0180005312  419NARBAGOTVILLE                    ,S,Simulation application continuation,SCAND        XBG   CY2S    UY                                             W0156                                            
S,CAN,D,,,,,YYJ,CY,11370,DU,,,YYJ,N48433738,W123290416,,01997,2,,491,NAR,VICTORIA,SCAND        YYJ   CY111370 DU                     YYJ N48433738W123290416     019972  491NARVICTORIA                      ,S,Simulation application continuation,SCAND        YYJ   CY2S    UN                                             E0155                                            
S,CAN,D,,,,,YYN,CY,11740,VDUW,N50174935,W107412725,,N50174935,W107412725,E0120,02684,2,,524,NAR,SWIFT CURRENT,SCAND        YYN   CY111740VDUW N50174935W107412725    N50174935W107412725E0120026842  524NARSWIFT CURRENT                 ,S,Simulation application continuation,SCAND        YYN   CY2S    UN                                             E010202668                                       
S,CAN,D,,CYBL,CY,,IBL,CY,10910,IT N,,,IBL,N49571863,W125164910,,00376,0,,356,NAR,CAMPBELL RIVER,SCAND CYBLCY IBL   CY110910 IT N                   IBL N49571863W125164910     003760  356NARCAMPBELL RIVER                ,S,Simulation application continuation,SCAND CYBLCY IBL   CY2S    UU                                             E016000376                                       
S,CAN,D,B,,,,2K,CY,04050,H MW,N53015600,W112484800,,,,E0150,,,,,NAR,CAMROSE,SCANDB       2K    CY104050H MW N53015600W112484800                       E0150           NARCAMROSE                       ,S,Simulation application continuation,SCANDB       2K    CY2S     U21                                                02449                                       
S,CAN,D,B,,,,5F,CY,03530,H MW,N54224300,W116450600,,,,E0170,,,,,NAR,FOX CREEK,SCANDB       5F    CY103530H MW N54224300W116450600                       E0170           NARFOX CREEK                     ,S,Simulation application continuation,SCANDB       5F    CY2S     U21                                                                                            
S,CAN,D,B,,,,AMF,PA,04030,H  W,N67061887,W157513654,,,,E0150,,,,,NAR,AMBLER,SCANDB       AMF   PA104030H  W N67061887W157513654                       E0150           NARAMBLER                        ,S,Simulation application continuation,SCANDB       AMF   PA2S     N21                                                00258                                       
S,CAN,D,B,,,,ANV,PA,03650,H  W,N62382925,W160110720,,,,E0150,,,,,NAR,ANVIK,SCANDB       ANV   PA103650H  W N62382925W160110720                       E0150           NARANVIK                         ,S,Simulation application continuation,SCANDB       ANV   PA2S     U21                                                00318                                       
S,CAN,D,B,,,,AUB,PA,03550,H  W,N58441380,W156464191,,,,E0110,,,,,NAR,CHINOOK (KING SALMON),SCANDB       AUB   PA103550H  W N58441380W156464191                       E0110           NARCHINOOK (KING SALMON)         ,S,Simulation application continuation,SCANDB       AUB   PA2S     N21                                                00066                                       
S,CAN,D,B,,,,BR,CY,02330,H MW,N49542926,W100042423,,,,E0070,,,,,NAR,BRANDON,SCANDB       BR    CY102330H MW N49542926W100042423                       E0070           NARBRANDON                       ,S,Simulation application continuation,SCANDB       BR    CY2S     U21                                                01485                                       
S,CAN,D,B,,,,CQR,PA,02630,H  W,N67300859,W148280982,,,,E0220,,,,,NAR,CHANDALAR LAKE,SCANDB       CQR   PA102630H  W N67300859W148280982                       E0220           NARCHANDALAR LAKE                ,S,Simulation application continuation,SCANDB       CQR   PA2S     U21                                                01875                                       
S,CAN,D,B,,,,EAV,PA,03910,H  W,N66533548,W151334940,,,,E0200,,,,,NAR,EVANSVILLE (BETTLES),SCANDB       EAV   PA103910H  W N66533548W151334940                       E0200           NAREVANSVILLE (BETTLES)          ,S,Simulation application continuation,SCANDB       EAV   PA2S     N21                                                00655                                       
S,CAN,D,B,,,,GAM,PA,03690,H  W,N63465475,W171441240,,,,E0080,,,,,NAR,GAMBELL,SCANDB       GAM   PA103690H  W N63465475W171441240                       E0080           NARGAMBELL                       ,S,Simulation application continuation,SCANDB       GAM   PA2S     N21                                                00030                                       
S,CAN,D,B,,,,M4,CY,02960,H  W,N50382800,W097025600,,,,E0060,,,,,NAR,GIMLI,SCANDB       M4    CY102960H  W N50382800W097025600                       E0060           NARGIMLI                         ,S,Simulation application continuation,SCANDB       M4    CY2S     U21                                                                                            
S,CAN,D,B,,,,MHM,PA,02270,H  W,N63530199,W152185826,,,,E0170,,,,,NAR,MINCHUMINA,SCANDB       MHM   PA102270H  W N63530199W152185826                       E0170           NARMINCHUMINA                    ,S,Simulation application continuation,SCANDB       MHM   PA2S     U21                                                00713                                       
S,CAN,D,B,,,,OLT,PA,03460,H MW,N60282946,W150524355,,,,E0150,,,,,NAR,SOLDOTNA,SCANDB       OLT   PA103460H MW N60282946W150524355                       E0150           NARSOLDOTNA                      ,S,Simulation application continuation,SCANDB       OLT   PA2S     U21                                                00237                                       
S,CAN,D,B,,,,PIZ,PA,03620,H  W,N69441132,W162594666,,,,E0150,,,,,NAR,POINT LAY,SCANDB       PIZ   PA103620H  W N69441132W162594666                       E0150           NARPOINT LAY                     ,S,Simulation application continuation,SCANDB       PIZ   PA2S     U21                                                00014                                       
S,CAN,D,B,,,,SHH,PA,03650,H  W,N66152911,W166030860,,,,E0110,,,,,NAR,SHISHMAREF,SCANDB       SHH   PA103650H  W N66152911W166030860                       E0110           NARSHISHMAREF                    ,S,Simulation application continuation,SCANDB       SHH   PA2S     N21                                                00014                                       
S,CAN,D,B,,,,VTR,PA,03500,H  W,N62564869,W155332631,,,,E0160,,,,,NAR,TAKOTNA RIVER (MC GRATH),SCANDB       VTR   PA103500H  W N62564869W155332631                       E0160           NARTAKOTNA RIVER (MC GRATH)      ,S,Simulation application continuation,SCANDB       VTR   PA2S     U21                                                00341                                       
S,CAN,D,B,,,,XH,CY,03320,H M,N50004700,W110475700,,,,E0130,,,,,NAR,MEDICINE HAT,SCANDB       XH    CY103320H M  N50004700W110475700                       E0130           NARMEDICINE HAT                  ,S,Simulation application continuation,SCANDB       XH    CY2S     U21                                                                                            
S,CAN,D,B,,,,ZHA,CY,03970,H MW,N43114869,W080013852,,,,W0100,,,,,NAR,ANCASTER (HAMILTON),SCANDB       ZHA   CY103970H MW N43114869W080013852                       W0100           NARANCASTER (HAMILTON)           ,S,Simulation application continuation,SCANDB       ZHA   CY2S     U21                                                00845                                       
S,CAN,D,B,,,,ZHM,CY,02660,H MW,N43083926,W079473549,,,,W0100,,,,,NAR,BINBROOK (HAMILTON),SCANDB       ZHM   CY102660H MW N43083926W079473549                       W0100           NARBINBROOK (HAMILTON)           ,S,Simulation application continuation,SCANDB       ZHM   CY2S     U21                                                00778                                       
S,EEU,D,,,,,CHW,ZL,11450,VDHW,N39511800,E098210000,,N39511800,E098210000,W0010,05115,2,,,WGE,JIAYUGUAN,SEEUD        CHW   ZL111450VDHW N39511800E098210000    N39511800E098210000W0010051152     WGEJIAYUGUAN                     ,S,Simulation application continuation,SEEUD        CHW   ZL2S    UN                                             W001405115                                       
S,EEU,D,,,,,GMM,ZU,11250,VDHW,N29254800,E094271800,,N29254800,E094271800,W0000,09604,2,,518,WGE,GAMA,SEEUD        GMM   ZU111250VDHW N29254800E094271800    N29254800E094271800W0000096042  518WGEGAMA                          ,S,Simulation application continuation,SEEUD        GMM   ZU2S    UN                                             W000609604                                       
S,EEU,D,,,,,GRU,EP,11460,VDHW,N53311600,E018465300,,N53311600,E018465300,E0040,00300,2,,331,WGE,GRUDZIADZ,SEEUD        GRU   EP111460VDHW N53311600E018465300    N53311600E018465300E0040003002  331WGEGRUDZIADZ                     ,S,Simulation application continuation,SEEUD        GRU   EP2S    UN                                             E006600300                                       
S,EEU,D,,,,,IOD,LR,10950,DT,,,IOD,N47014930,E021541990,,00500,0,,101,WGE,ORADEA,SEEUD        IOD   LR110950 DT                     IOD N47014930E021541990     005000  101WGEORADEA                        ,S,Simulation application continuation,SEEUD        IOD   LR2S    UN                                             E0061                                            
S,EEU,D,,,,,MZL,ZY,11310,VDHW,N49194200,E117384200,,N49194200,E117384200,W0100,02231,2,,273,WGE,MANZHOULI,SEEUD        MZL   ZY111310VDHW N49194200E117384200    N49194200E117384200W0100022312  273WGEMANZHOULI                     ,S,Simulation application continuation,SEEUD        MZL   ZY2S    UN                                             W010302231                                       
S,EEU,D,,,,,QIY,ZL,11340,VDHW,N35474800,E107355400,,N35474800,E107355400,W0030,04629,2,,513,WGE,QINGYANG,SEEUD        QIY   ZL111340VDHW N35474800E107355400    N35474800E107355400W0030046292  513WGEQINGYANG                      ,S,Simulation application continuation,SEEUD        QIY   ZL2S    UN                                             W004004629                                       
S,EEU,D,,,,,SL,US,11150,DH,,,SL,N53533600,E051110500,,00394,2,,492,WGE,SUKHODOL,SEEUD        SL    US111150 DH                     SL  N53533600E051110500     003942  492WGESUKHODOL                      ,S,Simulation application continuation,SEEUD        SL    US2S    UN                                             E0130                                            
S,EEU,D,,,,,URG,UT,11420,VDUW,N41344410,E060391790,,N41344410,E060391790,E0060,00322,2,,417,WGE,URGENCH,SEEUD        URG   UT111420VDUW N41344410E060391790    N41344410E060391790E0060003222  417WGEURGENCH                       ,S,Simulation application continuation,SEEUD        URG   UT2S    UN                                             E006500322                                       
S,EEU,D,,,,,WDT,UH,10820,DH,,,WDT,N43243070,E132103000,,00059,2,,453,WGE,KNEVICHI (VLADIVOSTOK),SEEUD        WDT   UH110820 DH                     WDT N43243070E132103000     000592  453WGEKNEVICHI (VLADIVOSTOK)        ,S,Simulation application continuation,SEEUD        WDT   UH2S    UN                                             W0109                                            
S,EEU,D,,,,,ZAO,VM,11720,VDHW,N22144200,E113364200,,N22144200,E113364200,W0030,00155,2,,,WGE,JIUZHOU,SEEUD        ZAO   VM111720VDHW N22144200E113364200    N22144200E113364200W0030001552     WGEJIUZHOU                       ,S,Simulation application continuation,SEEUD        ZAO   VM2S    UN                                             W003200155                                       
S,EEU,D,,URKG,UR,,IGN,UR,11010,ITDN,,,IGN,N44341630,E038002750,,00131,0,02,208,WGE,GELENDZHIK,SEEUD URKGUR IGN   UR111010 ITDN                   IGN N44341630E038002750     00131002208WGEGELENDZHIK                    ,S,Simulation application continuation,SEEUD URKGUR IGN   UR2S    UN                                             E007600131                                       
S,EEU,D,,UTSA,UT,,IHG,UT,10930,ITDN,,,IHG,N40064592,E065090875,,01200,0,02,,WGE,NAVOI,SEEUD UTSAUT IHG   UT110930 ITDN                   IHG N40064592E065090875     01200002   WGENAVOI                         ,S,Simulation application continuation,SEEUD UTSAUT IHG   UT2S    UN                                             E005601200                                       
S,EEU,D,,UTSA,UT,,INL,UT,10870,ITDN,,,INL,N40071046,E065112721,,01200,0,02,342,WGE,NAVOI,SEEUD UTSAUT INL   UT110870 ITDN                   INL N40071046E065112721     01200002342WGENAVOI                         ,S,Simulation application continuation,SEEUD UTSAUT INL   UT2S    UN                                             E005601200                                       
S,EEU,D,,UTSS,UT,,IMZ,UT,10950,ITDN,,,IMZ,N39421393,E066580413,,02200,0,02,,WGE,SAMARKAND,SEEUD UTSSUT IMZ   UT110950 ITDN                   IMZ N39421393E066580413     02200002   WGESAMARKAND                     ,S,Simulation application continuation,SEEUD UTSSUT IMZ   UT2S    UN                                             E005302200                                       
S,EEU,D,,UTSS,UT,,ISD,UT,11070,ITDN,,,ISD,N39420626,E066594350,,02200,0,02,227,WGE,SAMARKAND,SEEUD UTSSUT ISD   UT111070 ITDN                   ISD N39420626E066594350     02200002227WGESAMARKAND                     ,S,Simulation application continuation,SEEUD UTSSUT ISD   UT2S    UN                                             E005302200                                       
S,EEU,D,,UTST,UT,,INO,UT,11030,ITDN,,,INO,N37172923,E067191415,,01100,0,02,104,WGE,TERMEZ INTL,SEEUD UTSTUT INO   UT111030 ITDN                   INO N37172923E067191415     01100002104WGETERMEZ INTL                   ,S,Simulation application continuation,SEEUD UTSTUT INO   UT2S    UN                                             E004401100                                       
S,EEU,D,,UTTT,UT,,IFD,UT,10850,ITDN,,,IFD,N41153260,E069174590,,01414,0,02,542,WGE,ISLAM KARIMOV,SEEUD UTTTUT IFD   UT110850 ITDN                   IFD N41153260E069174590     01414002542WGEISLAM KARIMOV                 ,S,Simulation application continuation,SEEUD UTTTUT IFD   UT2S    UN                                             E005601414                                       
S,EEU,D,,UTTT,UT,,ING,UT,11050,ITDN,,,ING,N41151980,E069155090,,01387,0,02,296,WGE,ISLAM KARIMOV,SEEUD UTTTUT ING   UT111050 ITDN                   ING N41151980E069155090     01387002296WGEISLAM KARIMOV                 ,S,Simulation application continuation,SEEUD UTTTUT ING   UT2S    UN                                             E005601387                                       
S,EEU,D,,UTTT,UT,,IZW,UT,11170,ITDN,,,IZW,N41151320,E069155080,,01385,0,02,067,WGE,ISLAM KARIMOV,SEEUD UTTTUT IZW   UT111170 ITDN                   IZW N41151320E069155080     01385002067WGEISLAM KARIMOV                 ,S,Simulation application continuation,SEEUD UTTTUT IZW   UT2S    UN                                             E005601385                                       
S,EEU,D,,ZWWW,ZW,,IOY,ZW,10970,IT N,,,IOY,N43541585,E087272231,,02139,0,,419,WGE,DIWOPU,SEEUD ZWWWZW IOY   ZW110970 IT N                   IOY N43541585E087272231     021390  419WGEDIWOPU                        ,S,Simulation application continuation,SEEUD ZWWWZW IOY   ZW2S    UN                                             E002602139                                       
S,EEU,D,,ZWWW,ZW,,IRM,ZW,11030,IT N,,,IRM,N43544268,E087292819,,02139,0,,456,WGE,DIWOPU,SEEUD ZWWWZW IRM   ZW111030 IT N                   IRM N43544268E087292819     021390  456WGEDIWOPU                        ,S,Simulation application continuation,SEEUD ZWWWZW IRM   ZW2S    UN                                             E002602139                                       
S,EEU,D,B,,,,AN,UT,04220,H MW,N40413650,E072145080,,,,E0050,,,,,WGE,ANDIZHAN,SEEUDB       AN    UT104220H MW N40413650E072145080                       E0050           WGEANDIZHAN                      ,S,Simulation application continuation,SEEUDB       AN    UT2S     U24                                                                                            
S,EEU,D,B,,,,AVN,EY,03850,H L,N54405380,E025190730,,,,E0080,,,,,WGE,VILNIUS,SEEUDB       AVN   EY103850H L  N54405380E025190730                       E0080           WGEVILNIUS                       ,S,Simulation application continuation,SEEUDB       AVN   EY2S     U24                                                                                            
S,EEU,D,B,,,,N,LK,02580,H L,N49424752,E018081691,,,,E0060,,,,,WGE,NADA (OSTRAVA),SEEUDB       N     LK102580H L  N49424752E018081691                       E0060           WGENADA (OSTRAVA)                ,S,Simulation application continuation,SEEUDB       N     LK2S     U24                                                00844                                       
S,EEU,D,B,,,,OS,ZU,02410,H HW,N29510600,E106504800,,,,W0030,,,,,WGE,TONGJINGCHANG,SEEUDB       OS    ZU102410H HW N29510600E106504800                       W0030           WGETONGJINGCHANG                 ,S,Simulation application continuation,SEEUDB       OS    ZU2S     U21                                                                                            
S,EEU,D,B,,,,R,LK,05340,H L,N49404564,E018050264,,,,E0060,,,,,WGE,RADA (OSTRAVA),SEEUDB       R     LK105340H L  N49404564E018050264                       E0060           WGERADA (OSTRAVA)                ,S,Simulation application continuation,SEEUDB       R     LK2S     U24                                                00844                                       
S,EEU,D,B,,,,UC,ZB,03510,H MW,N49130600,E119574200,,,,W0110,,,,,WGE,XIHA,SEEUDB       UC    ZB103510H MW N49130600E119574200                       W0110           WGEXIHA                          ,S,Simulation application continuation,SEEUDB       UC    ZB2S     U14                                                                                            
S,EUR,D,,,,,AN,LF,11050,DT,,,AN,N43544140,E004540800,,00168,0,,235,WGE,AVIGNON CAUMONT,SEURD        AN    LF111050 DT                     AN  N43544140E004540800     001680  235WGEAVIGNON CAUMONT               ,S,Simulation application continuation,SEURD        AN    LF2S    UU                                             E0025                                            
S,EUR,D,,,,,CGS,LF,10920,DT,,,CGS,N43384290,E007084530,,00036,0,,329,WGE,CAGNES-SUR-MER,SEURD        CGS   LF110920 DT                     CGS N43384290E007084530     000360  329WGECAGNES-SUR-MER                ,S,Simulation application continuation,SEURD        CGS   LF2S    UU                                             E0030                                            
S,EUR,D,,,,,DID,ED,11790,DL,,,DID,N51170122,E006451648,,00126,1,,250,WGE,DUESSELDORF INTERIM,SEURD        DID   ED111790 DL                     DID N51170122E006451648     001261  250WGEDUESSELDORF INTERIM           ,S,Simulation application continuation,SEURD        DID   ED2S    UN                                             E0031                                            
S,EUR,D,,,,,GSY,EB,11570,VDHA,N50271410,E004262900,,N50271410,E004262900,E0010,00600,2,,275,WGE,GOSLY (CHARLEROI),SEURD        GSY   EB111570VDHA N50271410E004262900    N50271410E004262900E0010006002  275WGEGOSLY (CHARLEROI)             ,S,Simulation application continuation,SEURD        GSY   EB2S    UN                                             E0024                                            
S,EUR,D,,,,,LNE,EF,11230,VDH,N62251483,E025372403,,N62251483,E025372403,E0100,00696,2,,337,WGE,LUONET (JYVASKYLA),SEURD        LNE   EF111230VDH  N62251483E025372403    N62251483E025372403E0100006962  337WGELUONET (JYVASKYLA)            ,S,Simulation application continuation,SEURD        LNE   EF2S    UN                                             E011300696                                       
S,EUR,D,,,,,MTR,ED,11000,V HW,N50163459,E008505505,,,,E0020,,2,,,WGE,METRO,SEURD        MTR   ED111000V HW N50163459E008505505                       E0020     2     WGEMETRO                         ,S,Simulation application continuation,SEURD        MTR   ED2S    UN                                             E003600633                                       
S,EUR,D,,,,,ROI,EF,11770,VDH,N66334514,E025491347,,N66334514,E025491347,E0130,00661,2,,584,WGE,ROVANI (ROVANIEMI),SEURD        ROI   EF111770VDH  N66334514E025491347    N66334514E025491347E0130006612  584WGEROVANI (ROVANIEMI)            ,S,Simulation application continuation,SEURD        ROI   EF2S    UN                                             E013200661                                       
S,EUR,D,,EGCN,EG,,IFIN,EG,11095,ITDN,,,IFIN,N53282954,W001000714,,00049,0,07,111,WGE,DONCASTER SHEFFIELD,SEURD EGCNEG IFIN  EG111095 ITDN                   IFINN53282954W001000714     00049007111WGEDONCASTER SHEFFIELD           ,S,Simulation application continuation,SEURD EGCNEG IFIN  EG2S    UN                                             E000500049                                       
S,EUR,D,,EGCN,EG,,IFNL,EG,11095,ITDN,,,IFNL,N53282954,W001000714,,00049,0,07,111,WGE,DONCASTER SHEFFIELD,SEURD EGCNEG IFNL  EG111095 ITDN                   IFNLN53282954W001000714     00049007111WGEDONCASTER SHEFFIELD           ,S,Simulation application continuation,SEURD EGCNEG IFNL  EG2S    UN                                             E000500049                                       
S,EUR,D,,LFAQ,LF,,ABY,LF,10875,IT N,,,ABY,N49581850,E002421780,,00403,0,,112,WGE,BRAY,SEURD LFAQLF ABY   LF110875 IT N                   ABY N49581850E002421780     004030  112WGEBRAY                          ,S,Simulation application continuation,SEURD LFAQLF ABY   LF2S    UU                                             E001900403                                       
S,EUR,D,B,,,,AGO,LF,04040,H L,N45423860,E000253680,,,,E0010,,,,,WGE,ANGOULEME,SEURDB       AGO   LF104040H L  N45423860E000253680                       E0010           WGEANGOULEME                     ,S,Simulation application continuation,SEURDB       AGO   LF2S     U24                                                00456                                       
S,EUR,D,B,,,,BLC,LY,03770,H,N43144820,E021214380,,,,E0050,,,,,WGE,BLACE,SEURDB       BLC   LY103770H    N43144820E021214380                       E0050           WGEBLACE                         ,S,Simulation application continuation,SEURDB       BLC   LY2S     N21                                                                                            
S,EUR,D,B,,,,BRG,LF,03750,H MW,N47010430,E002165360,,,,E0010,,,,,WGE,BOURGES,SEURDB       BRG   LF103750H MW N47010430E002165360                       E0010           WGEBOURGES                       ,S,Simulation application continuation,SEURDB       BRG   LF2S     U24                                                                                            
S,EUR,D,B,,,,EJ,EK,04005,H LW,N55322851,E008415911,,,,E0030,,,,,WGE,ESBJERG,SEURDB       EJ    EK104005H LW N55322851E008415911                       E0030           WGEESBJERG                       ,S,Simulation application continuation,SEURDB       EJ    EK2S     U24                                                                                            
S,EUR,D,B,,,,FNY,EG,03380,H L,N53282936,W001000622,,,,E0000,,,,,WGE,DONCASTER SHEFFIELD,SEURDB       FNY   EG103380H L  N53282936W001000622                       E0000           WGEDONCASTER SHEFFIELD           ,S,Simulation application continuation,SEURDB       FNY   EG2S     N24                                                                                            
S,EUR,D,B,,,,GA,BI,03770,H M,N65524020,W017274780,,,,W0110,,,,,WGE,GARDUR (HUSAVIK),SEURDB       GA    BI103770H M  N65524020W017274780                       W0110           WGEGARDUR (HUSAVIK)              ,S,Simulation application continuation,SEURDB       GA    BI2S     N24                                                                                            
S,EUR,D,B,,,,HA,BI,03480,H L,N65374650,W015022920,,,,W0090,,,,,WGE,HOFSA,SEURDB       HA    BI103480H L  N65374650W015022920                       W0090           WGEHOFSA                         ,S,Simulation application continuation,SEURDB       HA    BI2S     N21                                                                                            
S,EUR,D,B,,,,HP,EK,03760,H MW,N55304117,E008244579,,,,E0030,,,,,WGE,ESBJERG,SEURDB       HP    EK103760H MW N55304117E008244579                       E0030           WGEESBJERG                       ,S,Simulation application continuation,SEURDB       HP    EK2S     U21                                                                                            
S,EUR,D,B,,,,KIT,EF,03280,H L,N67372306,E024535088,,,,E0120,,,,,WGE,KITTILA,SEURDB       KIT   EF103280H L  N67372306E024535088                       E0120           WGEKITTILA                       ,S,Simulation application continuation,SEURDB       KIT   EF2S     N24                                                00644                                       
S,EUR,D,B,,,,KN,LY,03800,H,N44534070,E020081010,,,,E0050,,,,,WGE,BELGRADE,SEURDB       KN    LY103800H    N44534070E020081010                       E0050           WGEBELGRADE                      ,S,Simulation application continuation,SEURDB       KN    LY2S     N24                                                                                            
S,EUR,D,B,,,,L,EF,03440,H L,N67431640,E024500132,,,,E0120,,,,,WGE,LIMA (KITTILA),SEURDB       L     EF103440H L  N67431640E024500132                       E0120           WGELIMA (KITTILA)                ,S,Simulation application continuation,SEURDB       L     EF2S     N24                                                00632                                       
S,EUR,D,B,,,,LI,ED,04170,H LW,N51204916,E006532862,,,,E0030,,,,,WGE,DUESSELDORF,SEURDB       LI    ED104170H LW N51204916E006532862                       E0030           WGEDUESSELDORF                   ,S,Simulation application continuation,SEURDB       LI    ED2S     U24                                                                                            
S,EUR,D,B,,,,LOE,LF,04240,H LW,N46014890,E001202190,,,,E0010,,,,,WGE,LIMOGES,SEURDB       LOE   LF104240H LW N46014890E001202190                       E0010           WGELIMOGES                       ,S,Simulation application continuation,SEURDB       LOE   LF2S     U24                                                                                            
S,EUR,D,B,,,,LYE,ED,03940,H MW,N53480299,E010414513,,,,E0030,,,,,WGE,LUEBECK,SEURDB       LYE   ED103940H MW N53480299E010414513                       E0030           WGELUEBECK                       ,S,Simulation application continuation,SEURDB       LYE   ED2S     U21                                                                                            
S,EUR,D,B,,,,TLB,LF,03680,H LW,N43564700,E001262900,,,,E0010,,,,,WGE,TOULOUSE,SEURDB       TLB   LF103680H LW N43564700E001262900                       E0010           WGETOULOUSE                      ,S,Simulation application continuation,SEURDB       TLB   LF2S     U21                                                00499                                       
S,EUR,D,B,,,,VRS,LD,03690,H  W,N45123666,E013385631,,,,E0040,,,,,WGE,VRSAR,SEURDB       VRS   LD103690H  W N45123666E013385631                       E0040           WGEVRSAR                         ,S,Simulation application continuation,SEURDB       VRS   LD2S     U21                                                                                            
S,EUR,D,B,,,,WCO,EG,03350,H M,N51511051,W000574467,,,,E0000,,,,,WGE,WESTCOTT,SEURDB       WCO   EG103350H M  N51511051W000574467                       E0000           WGEWESTCOTT                      ,S,Simulation application continuation,SEURDB       WCO   EG2S     N24                                                                                            
S,LAM,D,,MDSI,MD,,ISIS,MD,10910,IT N,,,ISIS,N18303813,W069453405,,00148,0,,403,WGE,SAN ISIDRO,SLAMD MDSIMD ISIS  MD110910 IT N                   ISISN18303813W069453405     001480  403WGESAN ISIDRO                    ,S,Simulation application continuation,SLAMD MDSIMD ISIS  MD2S    UU  G                                          W012100148                                       
S,LAM,D,B,,,,ENS,MM,04000,H,N31474528,W116362499,,,,E0130,,,,,WGE,ENSENADA,SLAMDB       ENS   MM104000H    N31474528W116362499                       E0130           WGEENSENADA                      ,S,Simulation application continuation,SLAMDB       ENS   MM2S     U21                                                                                            
S,MES,D,,,,,KMC,OE,11590,VTHW,N27525010,E045332050,,N27525010,E045332050,E0040,01400,2,,583,WGE,KING SAUD AB (HAFR AL BATIN),SMESD        KMC   OE111590VTHW N27525010E045332050    N27525010E045332050E0040014002  583WGEKING SAUD AB (HAFR AL BATIN)  ,S,Simulation application continuation,SMESD        KMC   OE2S    UN                                             E0037                                            
S,MES,D,,,,,LOT,LL,11200,DU,,,LOT,N31473480,E035022940,,00668,3,,428,WGE,BET-MEIR,SMESD        LOT   LL111200 DU                     LOT N31473480E035022940     006683  428WGEBET-MEIR                      ,S,Simulation application continuation,SMESD        LOT   LL2S    UN                                             E0049                                            
S,MES,D,,OEKK,OE,,IKMC,OE,10870,IT N,,,IKMC,N27532840,E045322120,,01341,0,,361,WGE,KING SAUD AB,SMESD OEKKOE IKMC  OE110870 IT N                   IKMCN27532840E045322120     013410  361WGEKING SAUD AB                  ,S,Simulation application continuation,SMESD OEKKOE IKMC  OE2S    UN                                             E003701341                                       
S,MES,D,B,,,,AH,VA,02150,H MW,N23082900,E072415880,,,,W0000,,,,,WGE,AHMEDABAD,SMESDB       AH    VA102150H MW N23082900E072415880                       W0000           WGEAHMEDABAD                     ,S,Simulation application continuation,SMESDB       AH    VA2S     U24                                                                                            
S,MES,D,B,,,,BY,VI,02180,H  W,N28242700,E079271800,,,,E0000,,,,,WGE,BAREILLY,SMESDB       BY    VI102180H  W N28242700E079271800                       E0000           WGEBAREILLY                      ,S,Simulation application continuation,SMESDB       BY    VI2S     U24                                                                                            
S,MES,D,B,,,,CB,VG,03960,H  W,N21271030,E091575670,,,,W0010,,,,,WGE,COX'S BAZAR,SMESDB       CB    VG103960H  W N21271030E091575670                       W0010           WGECOX'S BAZAR                   ,S,Simulation application continuation,SMESDB       CB    VG2S     U21                                                                                            
S,MES,D,B,,,,CP,VO,02630,H  W,N14305630,E078461680,,,,W0020,,,,,WGE,KADAPA,SMESDB       CP    VO102630H  W N14305630E078461680                       W0020           WGEKADAPA                        ,S,Simulation application continuation,SMESDB       CP    VO2S     U21                                                                                            
S,MES,D,B,,,,GEY,LT,04130,H MW,N36521910,E030271940,,,,E0040,,,,,WGE,GEYIKBAYIRI (ANTALYA),SMESDB       GEY   LT104130H MW N36521910E030271940                       E0040           WGEGEYIKBAYIRI (ANTALYA)         ,S,Simulation application continuation,SMESDB       GEY   LT2S     U24                                                                                            
S,MES,D,B,,,,IS,VG,03500,H  W,N24091030,E089024140,,,,W0000,,,,,WGE,ISHURDI,SMESDB       IS    VG103500H  W N24091030E089024140                       W0000           WGEISHURDI                       ,S,Simulation application continuation,SMESDB       IS    VG2S     U21                                                                                            
S,PAC,D,,,,,HME,RJ,11220,VDUW,N35334434,E139454014,,N35334434,E139454014,W0070,00063,2,,544,WGE,HANEDA (TOKYO),SPACD        HME   RJ111220VDUW N35334434E139454014    N35334434E139454014W0070000632  544WGEHANEDA (TOKYO)                ,S,Simulation application continuation,SPACD        HME   RJ2S    UN                                             W007800063                                       
S,PAC,D,,,,,THE,RJ,11045,VDU,N35245659,E132532518,,N35245659,E132532518,W0090,00027,3,,499,WGE,HAKUTO,SPACD        THE   RJ111045VDU  N35245659E132532518    N35245659E132532518W0090000273  499WGEHAKUTO                        ,S,Simulation application continuation,SPACD        THE   RJ2S    UN                                             W0084                                            
S,PAC,D,,VTCN,VT,,INAN,VT,11030,IT,,,INAN,N18490417,E100471185,,00687,0,,189,WGE,NAN,SPACD VTCNVT INAN  VT111030 IT                     INANN18490417E100471185     006870  189WGENAN                           ,S,Simulation application continuation,SPACD VTCNVT INAN  VT2S    UU  L                                          W001000687                                       
S,PAC,D,B,,,,PL,VT,02630,H  W,N16474548,E100163275,,,,W0010,,,,,WGE,PHITSANULOK,SPACDB       PL    VT102630H  W N16474548E100163275                       W0010           WGEPHITSANULOK                   ,S,Simulation application continuation,SPACDB       PL    VT2S     U21                                                00157                                       
S,PAC,D,B,,,,SM,VT,03160,H M,N09331401,E100033565,,,,W0000,,,,,WGE,SAMUI (SURAT THANI),SPACDB       SM    VT103160H M  N09331401E100033565                       W0000           WGESAMUI (SURAT THANI)           ,S,Simulation application continuation,SPACDB       SM    VT2S     U21                                                00048                                       
S,PAC,D,B,,,,UB,VT,03730,H  B,N15142583,E104514877,,,,W0000,,,,,WGE,UBON (UBON RATCHATHANI),SPACDB       UB    VT103730H  B N15142583E104514877                       W0000           WGEUBON (UBON RATCHATHANI)       ,S,Simulation application continuation,SPACDB       UB    VT2S     U21                                                00405                                       
S,SAM,D,,,,,BGC,SB,11620,VDU,S22570500,W046341100,,S22570500,W046341100,W0220,03036,1,,,WGE,BRAGANCA (BRAGANCA PAULISTA),SSAMD        BGC   SB111620VDU  S22570500W046341100    S22570500W046341100W0220030361     WGEBRAGANCA (BRAGANCA PAULISTA)  ,S,Simulation application continuation,SSAMD        BGC   SB2S    UY                                             W021903036                                       
S,SAM,D,,,,,ITA,SA,11220,V U,S24441000,W060323800,,,,W0077,,1,,,U,LAS LOMITAS,SSAMD        ITA   SA111220V U  S24441000W060323800                       W0077     1     U  LAS LOMITAS                   ,S,Simulation application continuation,SSAMD        ITA   SA2S    UU                                             W0133                                            
S,SAM,D,,,,,MTQ,SA,11610,V U,S25445800,W062520300,,,,W0040,,1,,,WGE,MONTE QUEMADO,SSAMD        MTQ   SA111610V U  S25445800W062520300                       W0040     1     WGEMONTE QUEMADO                 ,S,Simulation application continuation,SSAMD        MTQ   SA2S    UY                                             W0109                                            
S,SAM,D,B,,,,PKT,SB,03000,H  W,S17141900,W046531700,,,,W0220,,,,,WGE,PARACATU,SSAMDB       PKT   SB103000H  W S17141900W046531700                       W0220           WGEPARACATU                      ,S,Simulation application continuation,SSAMDB       PKT   SB2S     U21                                                                                            
S,SAM,D,B,,,,RPR,SB,03300,H,S21083360,W047463360,,,,W0220,,,,,WGE,RIBEIRAO (RIBEIRAO PRETO),SSAMDB       RPR   SB103300H    S21083360W047463360                       W0220           WGERIBEIRAO (RIBEIRAO PRETO)     ,S,Simulation application continuation,SSAMDB       RPR   SB2S     N21                                                                                            
S,SAM,D,B,,,,TBT,SB,02300,H  W,S04145760,W069561020,,,,W0100,,,,,WGE,TABATINGA,SSAMDB       TBT   SB102300H  W S04145760W069561020                       W0100           WGETABATINGA                     ,S,Simulation application continuation,SSAMDB       TBT   SB2S     U21                                                                                            
S,SAM,D,B,,,,TQS,SK,03410,H  W,N00444200,W075141200,,,,W0010,,,,,U,TRES ESQUINAS,SSAMDB       TQS   SK103410H  W N00444200W075141200                       W0010           U  TRES ESQUINAS                 ,S,Simulation application continuation,SSAMDB       TQS   SK2S     U21                                                                                            
S,SAM,D,B,,,,URG,SB,02750,H H,S29470965,W057021171,,,,W0140,,,,,WGE,URUGUAIANA,SSAMDB       URG   SB102750H H  S29470965W057021171                       W0140           WGEURUGUAIANA                    ,S,Simulation application continuation,SSAMDB       URG   SB2S     N21                                                                                            
S,SPA,D,,,,,KK,NZ,11610,DH,,,KK,S35154490,E173544030,,00556,1,,,WGE,KERIKERI,SSPAD        KK    NZ111610 DH                     KK  S35154490E173544030     005561     WGEKERIKERI                      ,S,Simulation application continuation,SSPAD        KK    NZ2S    UY                                             E0192                                            
S,SPA,D,,,,,NWA,YM,11640,TH,,,NWA,S34570022,E150315980,E0130,00356,2,,590,WGE,NOWRA,SSPAD        NWA   YM111640 TH                     NWA S34570022E150315980E0130003562  590WGENOWRA                         ,S,Simulation application continuation,SSPAD        NWA   YM2S    UY                                             E0130                                            
S,SPA,D,,,,,RAN,NT,11505,VDU,S14570150,W147402500,,S14570150,W147402500,E0120,00041,2,,,WGE,RANGIROA,SSPAD        RAN   NT111505VDU  S14570150W147402500    S14570150W147402500E0120000412     WGERANGIROA                      ,S,Simulation application continuation,SSPAD        RAN   NT2S    UY                                             E012200041                                       
S,SPA,D,B,,,,FA,NT,03050,H H,S17331076,W149364970,,,,E0130,,,,,WGE,TAHITI,SSPADB       FA    NT103050H H  S17331076W149364970                       E0130           WGETAHITI                        ,S,Simulation application continuation,SSPADB       FA    NT2S     U21                                                00105                                       
S,SPA,D,B,,,,KK,NZ,02260,H  W,S35154332,E173543998,,,,E0190,,,,,WGE,KERIKERI,SSPADB       KK    NZ102260H  W S35154332E173543998                       E0190           WGEKERIKERI                      ,S,Simulation application continuation,SSPADB       KK    NZ2S     U21                                                00556                                       
S,SPA,D,B,,,,LX,NZ,03860,H L,S45095590,E169284750,,,,E0250,,,,,WGE,ALEXANDRA,SSPADB       LX    NZ103860H L  S45095590E169284750                       E0250           WGEALEXANDRA                     ,S,Simulation application continuation,SSPADB       LX    NZ2S     N21                                                                                            
S,SPA,D,B,,,,MD,WA,02550,H  W,N01285100,E124501870,,,,E0000,,,,,WGE,MANADO,SSPADB       MD    WA102550H  W N01285100E124501870                       E0000           WGEMANADO                        ,S,Simulation application continuation,SSPADB       MD    WA2S     U21                                                                                            
S,SPA,D,B,,,,MO,NT,03775,H H,S17283680,W149463070,,,,E0130,,,,,WGE,MOOREA-TEMAE,SSPADB       MO    NT103775H H  S17283680W149463070                       E0130           WGEMOOREA-TEMAE                  ,S,Simulation application continuation,SSPADB       MO    NT2S     U21                                                00073                                       
S,SPA,D,B,,,,PN,WA,02900,H,N01293700,E124543410,,,,E0000,,,,,WGE,MANADO,SSPADB       PN    WA102900H    N01293700E124543410                       E0000           WGEMANADO                        ,S,Simulation application continuation,SSPADB       PN    WA2S     U21                                                                                            
S,SPA,D,B,,,,RU,NT,03720,H H,S16431710,W151275970,,,,E0130,,,,,WGE,RAIATEA,SSPADB       RU    NT103720H H  S16431710W151275970                       E0130           WGERAIATEA                       ,S,Simulation application continuation,SSPADB       RU    NT2S     U21                                                00052                                       
S,SPA,D,B,,,,TR,WA,02650,H,N00495120,E127224440,,,,E0000,,,,,WGE,TERNATE,SSPADB       TR    WA102650H    N00495120E127224440                       E0000           WGETERNATE                       ,S,Simulation application continuation,SSPADB       TR    WA2S     N21                                                00185                                       
S,USA,D,,,,,ODR,K6,11490,V TW,N37192712,W079584435,,,,W0080,,0,,,NAR,WOODRUM (ROANOKE),SUSAD        ODR   K6111490V TW N37192712W079584435                       W0080     0     NARWOODRUM (ROANOKE)             ,S,Simulation application continuation,SUSAD        ODR   K62S    UN                                             W008801164                                       
S,USA,D,,KBVY,K6,,IBVY,K6,11050,IT,,,IBVY,N42345207,W070543163,,00086,0,,129,NAR,BEVERLY REGL,SUSAD KBVYK6 IBVY  K6111050 IT                     IBVYN42345207W070543163     000860  129NARBEVERLY REGL                  ,S,Simulation application continuation,SUSAD KBVYK6 IBVY  K62S    UN  L                                          W014100086                                       
S,USA,D,B,,,,CDX,K5,03880,H MW,N36594652,W084405235,,,,W0050,,,,,NAR,CUMBERLAND RIVER (SOMERSET),SUSADB       CDX   K5103880H MW N36594652W084405235                       W0050           NARCUMBERLAND RIVER (SOMERSET)   ,S,Simulation application continuation,SUSADB       CDX   K52S     U21                                                00958                                       
S,USA,D,B,,,,CIR,K5,03970,H MW,N37033995,W089132344,,,,E0000,,,,,NAR,CAIRO,SUSADB       CIR   K5103970H MW N37033995W089132344                       E0000           NARCAIRO                         ,S,Simulation application continuation,SUSADB       CIR   K52S     U21                                                00316                                       
S,USA,D,B,,,,CL,K1,05150,H MW,N48090072,W123401290,,,,E0160,,,,,NAR,ELWHA (PORT ANGELES),SUSADB       CL    K1105150H MW N48090072W123401290                       E0160           NARELWHA (PORT ANGELES)          ,S,Simulation application continuation,SUSADB       CL    K12S     N21                                                01096                                       
S,USA,D,B,,,,DLC,K7,02740,H MW,N34270048,W079220777,,,,W0050,,,,,NAR,DILLON,SUSADB       DLC   K7102740H MW N34270048W079220777                       W0050           NARDILLON                        ,S,Simulation application continuation,SUSADB       DLC   K72S     U21                                                00122                                       
S,USA,D,B,,,,EOP,K5,03850,H  W,N39100203,W082555381,,,,W0060,,,,,NAR,WAVERLY,SUSADB       EOP   K5103850H  W N39100203W082555381                       W0060           NARWAVERLY                       ,S,Simulation application continuation,SUSADB       EOP   K52S     U21                                                00657                                       
S,USA,D,B,,,,FOZ,K3,03450,H MA,N47470047,W093391166,,,,E0020,,,,,NAR,BIGFORK,SUSADB       FOZ   K3103450H MA N47470047W093391166                       E0020           NARBIGFORK                       ,S,Simulation application continuation,SUSADB       FOZ   K32S     U21                                                01346                                       
S,USA,D,B,,,,FQW,K7,03710,H MW,N35574046,W086221552,,,,W0020,,,,,NAR,WALTER HILL (MURFREESBORO),SUSADB       FQW   K7103710H MW N35574046W086221552                       W0020           NARWALTER HILL (MURFREESBORO)    ,S,Simulation application continuation,SUSADB       FQW   K72S     U21                                                00554                                       
S,USA,D,B,,,,HLB,K5,02540,H  A,N39204668,W085153167,,,,W0050,,,,,NAR,BATESVILLE,SUSADB       HLB   K5102540H  A N39204668W085153167                       W0050           NARBATESVILLE                    ,S,Simulation application continuation,SUSADB       HLB   K52S     N21                                                00976                                       
S,USA,D,B,,,,IHS,K2,03350,H MW,N38404265,W104451153,,,,E0080,,,,,NAR,IRONHORSE (FORT CARSON),SUSADB       IHS   K2103350H MW N38404265W104451153                       E0080           NARIRONHORSE (FORT CARSON)       ,S,Simulation application continuation,SUSADB       IHS   K22S     U21                                                05818                                       
S,USA,D,B,,,,JUY,K7,02640,H MW,N31181834,W086232722,,,,W0020,,,,,NAR,JUDD (ANDALUSIA),SUSADB       JUY   K7102640H MW N31181834W086232722                       W0020           NARJUDD (ANDALUSIA)              ,S,Simulation application continuation,SUSADB       JUY   K72S     U21                                                00313                                       
S,USA,D,B,,,,LOR,K7,02690,H MW,N31214170,W085443650,,,,W0030,,,,,NAR,LOWE (FORT NOVOSEL (OZARK)),SUSADB       LOR   K7102690H MW N31214170W085443650                       W0030           NARLOWE (FORT NOVOSEL (OZARK))   ,S,Simulation application continuation,SUSADB       LOR   K72S     U21                                                00315                                       
S,USA,D,B,,,,MTH,K7,02600,H  W,N24424278,W081054313,,,,W0040,,,,,NAR,MARATHON,SUSADB       MTH   K7102600H  W N24424278W081054313                       W0040           NARMARATHON                      ,S,Simulation application continuation,SUSADB       MTH   K72S     U21                                                00006                                       
S,USA,D,B,,,,OP,K7,03390,H MW,N32550948,W084111370,,,,W0030,,,,,NAR,YATES (THOMASTON),SUSADB       OP    K7103390H MW N32550948W084111370                       W0030           NARYATES (THOMASTON)             ,S,Simulation application continuation,SUSADB       OP    K72S     U21                                                00692                                       
S,USA,D,B,,,,OWC,K7,03900,H MW,N31241742,W082552552,,,,W0060,,,,,NAR,COFFEE COUNTY (DOUGLAS),SUSADB       OWC   K7103900H MW N31241742W082552552                       W0060           NARCOFFEE COUNTY (DOUGLAS)       ,S,Simulation application continuation,SUSADB       OWC   K72S     U21                                                00230                                       
S,USA,D,B,,,,OZ,K7,02120,H MW,N31133219,W085485701,,,,W0030,,,,,WGE,BRYNT (FORT NOVOSEL (OZARK)),SUSADB       OZ    K7102120H MW N31133219W085485701                       W0030           WGEBRYNT (FORT NOVOSEL (OZARK))  ,S,Simulation application continuation,SUSADB       OZ    K72S     U21                                                00326                                       
S,USA,D,B,,,,PYA,K6,02600,H MW,N42383823,W077032226,,,,W0120,,,,,NAR,PENN YAN,SUSADB       PYA   K6102600H MW N42383823W077032226                       W0120           NARPENN YAN                      ,S,Simulation application continuation,SUSADB       PYA   K62S     U21                                                00857                                       
S,USA,D,B,,,,RYS,K5,04190,H MW,N42060404,W083091072,,,,W0070,,,,,NAR,GROSSE ILE (DETROIT),SUSADB       RYS   K5104190H MW N42060404W083091072                       W0070           NARGROSSE ILE (DETROIT)          ,S,Simulation application continuation,SUSADB       RYS   K52S     U21                                                00576                                       
S,USA,D,B,,,,SYF,K3,03860,H MW,N39434134,W101460059,,,,E0060,,,,,NAR,SAINT FRANCIS,SUSADB       SYF   K3103860H MW N39434134W101460059                       E0060           NARSAINT FRANCIS                 ,S,Simulation application continuation,SUSADB       SYF   K32S     U21                                                03434                                       
S,USA,D,B,,,,SYS,K6,02090,H MW,N40050850,W078545958,,,,W0100,,,,,NAR,STOYSTOWN (SOMERSET),SUSADB       SYS   K6102090H MW N40050850W078545958                       W0100           NARSTOYSTOWN (SOMERSET)          ,S,Simulation application continuation,SUSADB       SYS   K62S     U21                                                                                            
